/****************************************************************************
** Resource object code
**
** Created by: The Resource Compiler for Qt version 6.8.2
**
** WARNING! All changes made in this file will be lost!
*****************************************************************************/

#ifdef _MSC_VER
// disable informational message "function ... selected for automatic inline expansion"
#pragma warning (disable: 4711)
#endif

static const unsigned char qt_resource_data[] = {
  // TextHist.html
  0x0,0x0,0x10,0xef,
  0x3c,
  0x21,0x44,0x4f,0x43,0x54,0x59,0x50,0x45,0x20,0x68,0x74,0x6d,0x6c,0x3e,0xa,0x3c,
  0x68,0x74,0x6d,0x6c,0x3e,0xa,0x3c,0x68,0x65,0x61,0x64,0x3e,0xa,0x3c,0x6d,0x65,
  0x74,0x61,0x20,0x63,0x68,0x61,0x72,0x73,0x65,0x74,0x3d,0x22,0x55,0x54,0x46,0x2d,
  0x38,0x22,0x3e,0xa,0x3c,0x73,0x74,0x79,0x6c,0x65,0x3e,0xa,0x62,0x6f,0x64,0x79,
  0x20,0x7b,0xa,0x66,0x6f,0x6e,0x74,0x2d,0x66,0x61,0x6d,0x69,0x6c,0x79,0x3a,0x20,
  0x22,0x53,0x65,0x67,0x6f,0x65,0x20,0x55,0x49,0x22,0x2c,0x20,0x73,0x61,0x6e,0x73,
  0x2d,0x73,0x65,0x72,0x69,0x66,0x3b,0xa,0x66,0x6f,0x6e,0x74,0x2d,0x73,0x69,0x7a,
  0x65,0x3a,0x20,0x31,0x36,0x70,0x78,0x3b,0xa,0x63,0x6f,0x6c,0x6f,0x72,0x3a,0x20,
  0x23,0x33,0x33,0x33,0x3b,0xa,0x6c,0x69,0x6e,0x65,0x2d,0x68,0x65,0x69,0x67,0x68,
  0x74,0x3a,0x20,0x31,0x2e,0x36,0x3b,0xa,0x6d,0x61,0x72,0x67,0x69,0x6e,0x3a,0x20,
  0x32,0x30,0x70,0x78,0x3b,0xa,0x7d,0xa,0x70,0x20,0x7b,0x20,0x6d,0x61,0x72,0x67,
  0x69,0x6e,0x2d,0x62,0x6f,0x74,0x74,0x6f,0x6d,0x3a,0x20,0x31,0x35,0x70,0x78,0x3b,
  0x7d,0xa,0x3c,0x2f,0x73,0x74,0x79,0x6c,0x65,0x3e,0xa,0x3c,0x68,0x65,0x61,0x64,
  0x3e,0xa,0x3c,0x62,0x6f,0x64,0x79,0x3e,0xa,0x3c,0x68,0x31,0x3e,0xd0,0x98,0xd1,
  0x81,0xd1,0x82,0xd0,0xbe,0xd1,0x80,0xd0,0xb8,0xd1,0x8f,0x20,0xd0,0xb4,0xd0,0xb8,
  0xd0,0xb0,0xd0,0xb1,0xd0,0xb5,0xd1,0x82,0xd0,0xb0,0x3c,0x2f,0x68,0x31,0x3e,0xa,
  0x3c,0x70,0x3e,0xd0,0x9a,0xd0,0xb0,0xd0,0xba,0x20,0xd1,0x81,0xd0,0xb2,0xd0,0xb8,
  0xd0,0xb4,0xd0,0xb5,0xd1,0x82,0xd0,0xb5,0xd0,0xbb,0xd1,0x8c,0xd1,0x81,0xd1,0x82,
  0xd0,0xb2,0xd1,0x83,0xd0,0xb5,0xd1,0x82,0x20,0xd1,0x80,0xd1,0x83,0xd0,0xba,0xd0,
  0xbe,0xd0,0xbf,0xd0,0xb8,0xd1,0x81,0xd0,0xb8,0x20,0xd0,0xb4,0xd1,0x80,0xd0,0xb5,
  0xd0,0xb2,0xd0,0xbd,0xd0,0xb8,0xd1,0x85,0x20,0xd0,0xb5,0xd0,0xb3,0xd0,0xb8,0xd0,
  0xbf,0xd1,0x82,0xd1,0x8f,0xd0,0xbd,0x20,0xd0,0xb8,0x20,0xd0,0xbf,0xd1,0x80,0xd0,
  0xb5,0xd0,0xb4,0xd0,0xb0,0xd0,0xbd,0xd0,0xb8,0xd1,0x8f,0x20,0xd0,0xb3,0xd1,0x80,
  0xd0,0xb5,0xd0,0xba,0xd0,0xbe,0xd0,0xb2,0x20,0xd0,0xb8,0x20,0xd1,0x80,0xd0,0xb8,
  0xd0,0xbc,0xd0,0xbb,0xd1,0x8f,0xd0,0xbd,0x2c,0x20,0xd0,0xbe,0x20,0xd1,0x81,0xd0,
  0xb0,0xd1,0x85,0xd0,0xb0,0xd1,0x80,0xd0,0xbd,0xd0,0xbe,0xd0,0xbc,0x20,0xd0,0xb4,
  0xd0,0xb8,0xd0,0xb0,0xd0,0xb1,0xd0,0xb5,0xd1,0x82,0xd0,0xb5,0x20,0xd0,0xb1,0xd1,
  0x8b,0xd0,0xbb,0xd0,0xbe,0x20,0xd0,0xb8,0xd0,0xb7,0xd0,0xb2,0xd0,0xb5,0xd1,0x81,
  0xd1,0x82,0xd0,0xbd,0xd0,0xbe,0x20,0xd0,0xb1,0xd0,0xbe,0xd0,0xbb,0xd0,0xb5,0xd0,
  0xb5,0x20,0x33,0x30,0x30,0x30,0x20,0xd0,0xbb,0xd0,0xb5,0xd1,0x82,0x20,0xd0,0xbd,
  0xd0,0xb0,0xd0,0xb7,0xd0,0xb0,0xd0,0xb4,0x2e,0x20,0xd0,0x95,0xd1,0x89,0xd1,0x91,
  0x20,0xd1,0x82,0xd0,0xbe,0xd0,0xb3,0xd0,0xb4,0xd0,0xb0,0x20,0xd0,0xb2,0xd1,0x80,
  0xd0,0xb0,0xd1,0x87,0xd0,0xb8,0x20,0xd0,0xb7,0xd0,0xb0,0xd0,0xbc,0xd0,0xb5,0xd1,
  0x82,0xd0,0xb8,0xd0,0xbb,0xd0,0xb8,0x2c,0x20,0xd1,0x87,0xd1,0x82,0xd0,0xbe,0x20,
  0xd0,0xb5,0xd1,0x81,0xd1,0x82,0xd1,0x8c,0x20,0xd0,0xbb,0xd1,0x8e,0xd0,0xb4,0xd0,
  0xb8,0x2c,0x20,0xd0,0xba,0xd0,0xbe,0xd1,0x82,0xd0,0xbe,0xd1,0x80,0xd1,0x8b,0xd0,
  0xb5,0x20,0xd0,0xb2,0xd0,0xbd,0xd0,0xb5,0xd0,0xb7,0xd0,0xb0,0xd0,0xbf,0xd0,0xbd,
  0xd0,0xbe,0x20,0xd0,0xbe,0xd1,0x87,0xd0,0xb5,0xd0,0xbd,0xd1,0x8c,0x20,0xd0,0xb1,
  0xd1,0x8b,0xd1,0x81,0xd1,0x82,0xd1,0x80,0xd0,0xbe,0x20,0xd1,0x85,0xd1,0x83,0xd0,
  0xb4,0xd0,0xb5,0xd1,0x8e,0xd1,0x82,0x2c,0x20,0xd1,0x81,0xd0,0xbb,0xd0,0xb0,0xd0,
  0xb1,0xd0,0xb5,0xd1,0x8e,0xd1,0x82,0x2c,0x20,0xd1,0x87,0xd0,0xb0,0xd1,0x81,0xd1,
  0x82,0xd0,0xbe,0x20,0xd0,0xbc,0xd0,0xbe,0xd1,0x87,0xd0,0xb0,0xd1,0x82,0xd1,0x81,
  0xd1,0x8f,0x2e,0x20,0xd0,0x98,0x2c,0x20,0xd0,0xbd,0xd0,0xb5,0xd1,0x81,0xd0,0xbc,
  0xd0,0xbe,0xd1,0x82,0xd1,0x80,0xd1,0x8f,0x20,0xd0,0xbd,0xd0,0xb0,0x20,0xd1,0x82,
  0xd0,0xbe,0x2c,0x20,0xd1,0x87,0xd1,0x82,0xd0,0xbe,0x20,0xd0,0xbe,0xd0,0xbd,0xd0,
  0xb8,0x20,0xd0,0xbe,0xd1,0x87,0xd0,0xb5,0xd0,0xbd,0xd1,0x8c,0x20,0xd0,0xbc,0xd0,
  0xbd,0xd0,0xbe,0xd0,0xb3,0xd0,0xbe,0x20,0xd0,0xbf,0xd1,0x8c,0xd1,0x8e,0xd1,0x82,
  0x2c,0x20,0xd0,0xbe,0xd0,0xbd,0xd0,0xb8,0x20,0xd0,0xb1,0xd1,0x8b,0xd1,0x81,0xd1,
  0x82,0xd1,0x80,0xd0,0xbe,0x20,0xd1,0x81,0xd1,0x82,0xd0,0xb0,0xd0,0xbd,0xd0,0xbe,
  0xd0,0xb2,0xd1,0x8f,0xd1,0x82,0xd1,0x81,0xd1,0x8f,0x20,0xd0,0xb2,0xd1,0x8b,0xd1,
  0x81,0xd0,0xbe,0xd1,0x85,0xd1,0x88,0xd0,0xb8,0xd0,0xb5,0x20,0xd0,0xba,0xd0,0xb0,
  0xd0,0xba,0x20,0xd0,0xb4,0xd0,0xb5,0xd1,0x80,0xd0,0xb5,0xd0,0xb2,0xd1,0x8c,0xd1,
  0x8f,0x2e,0x3c,0x2f,0x70,0x3e,0xa,0x20,0x3c,0x70,0x3e,0xd0,0xa2,0xd0,0xb0,0xd0,
  0xba,0x20,0xd0,0xba,0xd0,0xb0,0xd0,0xba,0x20,0xd1,0x80,0xd0,0xb0,0xd0,0xbd,0xd1,
  0x8c,0xd1,0x88,0xd0,0xb5,0x20,0xd0,0xb5,0xd1,0x89,0xd1,0x91,0x20,0xd0,0xbd,0xd0,
  0xb5,0x20,0xd0,0xb1,0xd1,0x8b,0xd0,0xbb,0xd0,0xbe,0x20,0xd0,0xb1,0xd0,0xbe,0xd0,
  0xbb,0xd1,0x8c,0xd0,0xbd,0xd0,0xb8,0xd1,0x86,0x20,0xd0,0xb8,0x20,0xd0,0xbc,0xd0,
  0xbd,0xd0,0xbe,0xd0,0xb3,0xd0,0xb8,0xd1,0x85,0x20,0xd0,0xb1,0xd0,0xbe,0xd0,0xbb,
  0xd1,0x8c,0xd0,0xbd,0xd1,0x8b,0xd1,0x85,0x20,0xd0,0xbb,0xd0,0xb5,0xd1,0x87,0xd0,
  0xb8,0xd0,0xbb,0xd0,0xb8,0x20,0xd0,0xb1,0xd1,0x80,0xd0,0xbe,0xd0,0xb4,0xd1,0x8f,
  0xd1,0x87,0xd0,0xb8,0xd0,0xb5,0x20,0xd0,0xbb,0xd0,0xb5,0xd0,0xba,0xd0,0xb0,0xd1,
  0x80,0xd0,0xb8,0x20,0xd0,0xbf,0xd0,0xbe,0xd0,0xb4,0x20,0xd0,0xbe,0xd1,0x82,0xd0,
  0xba,0xd1,0x80,0xd1,0x8b,0xd1,0x82,0xd1,0x8b,0xd0,0xbc,0x20,0xd0,0xbd,0xd0,0xb5,
  0xd0,0xb1,0xd0,0xbe,0xd0,0xbc,0x20,0xd0,0xbd,0xd0,0xb0,0x20,0xd1,0x80,0xd1,0x8b,
  0xd0,0xbd,0xd0,0xbe,0xd1,0x87,0xd0,0xbd,0xd0,0xbe,0xd0,0xb9,0x20,0xd0,0xbf,0xd0,
  0xbb,0xd0,0xbe,0xd1,0x89,0xd0,0xb0,0xd0,0xb4,0xd0,0xb8,0x2c,0x20,0xd0,0xb4,0xd1,
  0x80,0xd0,0xb5,0xd0,0xb2,0xd0,0xbd,0xd0,0xb8,0xd0,0xb5,0x20,0xd0,0xb2,0xd1,0x80,
  0xd0,0xb0,0xd1,0x87,0xd0,0xb5,0xd0,0xb2,0xd0,0xb0,0xd1,0x82,0xd0,0xb5,0xd0,0xbb,
  0xd0,0xb8,0x20,0xd0,0xb7,0xd0,0xb0,0xd0,0xbc,0xd0,0xb5,0xd1,0x82,0xd0,0xb8,0xd0,
  0xbb,0xd0,0xb8,0x2c,0x20,0xd1,0x87,0xd1,0x82,0xd0,0xbe,0x20,0xd0,0xbd,0xd0,0xb0,
  0xd0,0xb4,0x20,0xd0,0xbc,0xd0,0xbe,0xd1,0x87,0xd0,0xbe,0xd0,0xb9,0x20,0xd0,0xb1,
  0xd0,0xbe,0xd0,0xbb,0xd1,0x8c,0xd0,0xbd,0xd1,0x8b,0xd1,0x85,0x20,0xd0,0xb4,0xd0,
  0xb8,0xd0,0xb0,0xd0,0xb1,0xd0,0xb5,0xd1,0x82,0xd0,0xbe,0xd0,0xbc,0x20,0xd0,0xbb,
  0xd0,0xb5,0xd1,0x82,0xd0,0xb0,0xd0,0xb5,0xd1,0x82,0x20,0xd0,0xbc,0xd0,0xbd,0xd0,
  0xbe,0xd0,0xb6,0xd0,0xb5,0xd1,0x81,0xd1,0x82,0xd0,0xb2,0xd0,0xbe,0x20,0xd0,0xbc,
  0xd1,0x83,0xd1,0x85,0x20,0xd0,0xb8,0x20,0xd0,0xbe,0xd1,0x81,0x2e,0x20,0xd1,0x80,
  0xd0,0xb0,0xd0,0xbd,0xd1,0x8c,0xd1,0x88,0xd0,0xb5,0x20,0xd1,0x86,0xd0,0xb5,0xd0,
  0xbb,0xd0,0xb8,0xd1,0x82,0xd0,0xb5,0xd0,0xbb,0xd0,0xb8,0x20,0xd0,0xb2,0x20,0xd0,
  0xbf,0xd0,0xb5,0xd1,0x80,0xd0,0xb2,0xd1,0x83,0xd1,0x8e,0x20,0xd0,0xbe,0xd1,0x87,
  0xd0,0xb5,0xd1,0x80,0xd0,0xb5,0xd0,0xb4,0xd1,0x8c,0x20,0xd0,0xbf,0xd0,0xbe,0x20,
  0xd0,0xbc,0xd0,0xbe,0xd1,0x87,0xd0,0xb5,0x20,0xd0,0xbe,0xd0,0xbf,0xd1,0x80,0xd0,
  0xb5,0xd0,0xb4,0xd0,0xb5,0xd0,0xbb,0xd1,0x8f,0xd0,0xbb,0xd0,0xb8,0x20,0xd1,0x87,
  0xd0,0xb5,0xd0,0xbc,0x20,0xd0,0xb1,0xd0,0xbe,0xd0,0xbb,0xd0,0xb5,0xd0,0xbd,0x20,
  0xd1,0x87,0xd0,0xb5,0xd0,0xbb,0xd0,0xbe,0xd0,0xb2,0xd0,0xb5,0xd0,0xba,0x2e,0x20,
  0xd0,0x92,0xd0,0xbe,0xd1,0x82,0x20,0xd0,0xb8,0x20,0xd0,0xbe,0xd0,0xb1,0xd1,0x81,
  0xd0,0xbb,0xd0,0xb5,0xd0,0xb4,0xd1,0x83,0xd1,0x8f,0x20,0xd1,0x8d,0xd1,0x82,0xd0,
  0xb8,0xd1,0x85,0x20,0xd0,0xb1,0xd0,0xbe,0xd0,0xbb,0xd1,0x8c,0xd0,0xbd,0xd1,0x8b,
  0xd1,0x85,0x3a,0x20,0xd0,0xbe,0xd0,0xbd,0xd0,0xb8,0x20,0xd0,0xbf,0xd1,0x80,0xd0,
  0xbe,0xd0,0xb1,0xd0,0xbe,0xd0,0xb2,0xd0,0xb0,0xd0,0xbb,0xd0,0xb8,0x20,0xd0,0xbc,
  0xd0,0xbe,0xd1,0x87,0xd1,0x83,0x20,0xd0,0xbd,0xd0,0xb0,0x20,0xd0,0xb2,0xd0,0xba,
  0xd1,0x83,0xd1,0x81,0x2e,0x20,0xd0,0x90,0x20,0xd0,0xbf,0xd0,0xbe,0xd1,0x81,0xd0,
  0xba,0xd0,0xbe,0xd0,0xbb,0xd1,0x8c,0xd0,0xba,0xd1,0x83,0x20,0xd0,0xbc,0xd0,0xbe,
  0xd1,0x87,0xd0,0xb0,0x20,0xd0,0xbe,0xd0,0xba,0xd0,0xb0,0xd0,0xb7,0xd1,0x8b,0xd0,
  0xb2,0xd0,0xb0,0xd0,0xbb,0xd0,0xb0,0xd1,0x81,0xd1,0x8c,0x20,0xd1,0x81,0xd0,0xbb,
  0xd0,0xb0,0xd0,0xb4,0xd0,0xba,0xd0,0xbe,0xd0,0xb9,0x2c,0x20,0xd0,0xbe,0xd0,0xbd,
  0xd0,0xb8,0x20,0xd0,0xbd,0xd0,0xb0,0xd0,0xb7,0xd0,0xb2,0xd0,0xb0,0xd0,0xbb,0xd0,
  0xb8,0x20,0xd1,0x8d,0xd1,0x82,0xd1,0x83,0x20,0xd0,0xb1,0xd0,0xbe,0xd0,0xbb,0xd0,
  0xb5,0xd0,0xb7,0xd0,0xbd,0xd1,0x8c,0x20,0x22,0x44,0x69,0x61,0x62,0x65,0x74,0x65,
  0x73,0x20,0x6d,0x65,0x6c,0x6c,0x69,0x74,0x75,0x73,0x22,0x2c,0x20,0xd1,0x87,0xd1,
  0x82,0xd0,0xbe,0x20,0xd0,0xbe,0xd0,0xb7,0xd0,0xbd,0xd0,0xb0,0xd1,0x87,0xd0,0xb0,
  0xd0,0xbb,0xd0,0xbe,0x20,0x22,0xd1,0x81,0xd0,0xbb,0xd0,0xb0,0xd0,0xb4,0xd0,0xba,
  0xd0,0xb8,0xd0,0xb9,0x20,0xd0,0xba,0xd0,0xb0,0xd0,0xba,0x20,0xd0,0xbc,0xd1,0x91,
  0xd0,0xb4,0x20,0xd0,0xbf,0xd1,0x80,0xd0,0xbe,0xd1,0x82,0xd0,0xbe,0xd0,0xba,0x22,
  0x2e,0x20,0xd0,0x9d,0xd0,0xbe,0x20,0xd1,0x82,0xd0,0xbe,0xd0,0xb3,0xd0,0xb4,0xd0,
  0xb0,0x20,0xd0,0xb5,0xd1,0x89,0xd1,0x91,0x20,0xd0,0xbd,0xd0,0xb5,0x20,0xd0,0xb1,
  0xd1,0x8b,0xd0,0xbb,0xd0,0xbe,0x20,0xd0,0xb2,0xd0,0xbe,0xd0,0xb7,0xd0,0xbc,0xd0,
  0xbe,0xd0,0xb6,0xd0,0xbd,0xd0,0xbe,0xd1,0x81,0xd1,0x82,0xd0,0xb8,0x20,0xd0,0xbb,
  0xd0,0xb5,0xd1,0x87,0xd0,0xb8,0xd1,0x82,0xd1,0x8c,0x20,0xd1,0x8d,0xd1,0x82,0xd1,
  0x83,0x20,0xd0,0xb1,0xd0,0xbe,0xd0,0xbb,0xd0,0xb5,0xd0,0xb7,0xd0,0xbd,0xd1,0x8c,
  0x2e,0xa,0x20,0xd0,0x94,0xd0,0xbe,0x20,0x31,0x39,0x32,0x32,0x20,0xd0,0xb3,0xd0,
  0xbe,0xd0,0xb4,0xd0,0xb0,0x20,0xd1,0x83,0x20,0xd0,0xb8,0xd0,0xbd,0xd1,0x81,0xd1,
  0x83,0xd0,0xbb,0xd0,0xb8,0xd0,0xbd,0xd0,0xbe,0xd0,0xb7,0xd0,0xb0,0xd0,0xb2,0xd0,
  0xb8,0xd1,0x81,0xd0,0xb8,0xd0,0xbc,0xd1,0x8b,0xd1,0x85,0x20,0xd0,0xb4,0xd0,0xb8,
  0xd0,0xb0,0xd0,0xb1,0xd0,0xb5,0xd1,0x82,0xd0,0xb8,0xd0,0xba,0xd0,0xbe,0xd0,0xb2,
  0x20,0xd0,0xbd,0xd0,0xb5,0x20,0xd0,0xb1,0xd1,0x8b,0xd0,0xbb,0xd0,0xbe,0x20,0xd1,
  0x88,0xd0,0xb0,0xd0,0xbd,0xd1,0x81,0xd0,0xbe,0xd0,0xb2,0x20,0xd0,0xb2,0xd1,0x8b,
  0xd0,0xb6,0xd0,0xb8,0xd1,0x82,0xd1,0x8c,0x2e,0x20,0xd0,0x9b,0xd0,0xb8,0xd1,0x88,
  0xd1,0x8c,0x20,0xd0,0xbe,0xd1,0x81,0xd0,0xb5,0xd0,0xbd,0xd1,0x8c,0xd1,0x8e,0x20,
  0x31,0x39,0x32,0x31,0x20,0xd0,0xb3,0xd0,0xbe,0xd0,0xb4,0xd0,0xb0,0x20,0xd0,0xb2,
  0x20,0xd0,0xa2,0xd0,0xbe,0xd1,0x80,0xd0,0xbe,0xd0,0xbd,0xd1,0x82,0xd0,0xbe,0x20,
  0x28,0xd0,0x9a,0xd0,0xb0,0xd0,0xbd,0xd0,0xb0,0xd0,0xb4,0xd0,0xb0,0x29,0x20,0xd0,
  0xbc,0xd0,0xbe,0xd0,0xbb,0xd0,0xbe,0xd0,0xb4,0xd0,0xbe,0xd0,0xb9,0x20,0xd0,0xb2,
  0xd1,0x80,0xd0,0xb0,0xd1,0x87,0x20,0xd0,0xb8,0x20,0xd1,0x81,0xd1,0x82,0xd1,0x83,
  0xd0,0xb4,0xd0,0xb5,0xd0,0xbd,0xd1,0x82,0x20,0xd0,0xbc,0xd0,0xb5,0xd0,0xb4,0xd0,
  0xb8,0xd1,0x86,0xd0,0xb8,0xd0,0xbd,0xd1,0x81,0xd0,0xba,0xd0,0xbe,0xd0,0xb3,0xd0,
  0xbe,0x20,0xd0,0xb8,0xd0,0xbd,0xd1,0x81,0xd1,0x82,0xd0,0xb8,0xd1,0x82,0xd1,0x83,
  0xd1,0x82,0xd0,0xb0,0x20,0x28,0xd0,0xb4,0xd0,0xbe,0xd0,0xba,0xd1,0x82,0xd0,0xbe,
  0xd1,0x80,0xd0,0xb0,0x20,0xd0,0x91,0xd1,0x8d,0xd1,0x81,0xd1,0x82,0x20,0xd0,0xb8,
  0x20,0xd0,0x91,0xd0,0xb0,0xd0,0xbd,0xd1,0x82,0xd0,0xb8,0xd0,0xbd,0xd0,0xb3,0x29,
  0x20,0xd1,0x81,0xd1,0x82,0xd0,0xb0,0xd0,0xbb,0xd0,0xb8,0x20,0xd0,0xba,0xd0,0xbe,
  0xd0,0xbb,0xd0,0xbe,0xd1,0x82,0xd1,0x8c,0x20,0xd1,0x81,0xd0,0xbe,0xd0,0xb1,0xd0,
  0xb0,0xd0,0xba,0xd0,0xb5,0x20,0xd0,0xbf,0xd0,0xbe,0x20,0xd0,0xba,0xd0,0xbb,0xd0,
  0xb8,0xd1,0x87,0xd0,0xba,0xd0,0xb5,0x20,0xd0,0x97,0xd0,0xb8,0xd0,0xb7,0xd0,0xb8,
  0x20,0x28,0xd0,0xa1,0xd1,0x8c,0xd1,0x8e,0xd0,0xb7,0xd0,0xb8,0x29,0x20,0xd0,0xb2,
  0xd0,0xb5,0xd1,0x89,0xd0,0xb5,0xd1,0x81,0xd1,0x82,0xd0,0xb2,0xd0,0xbe,0x2c,0x20,
  0xd0,0xba,0xd0,0xbe,0xd1,0x82,0xd0,0xbe,0xd1,0x80,0xd0,0xbe,0xd0,0xb5,0x20,0xd0,
  0xb4,0xd0,0xbe,0xd0,0xb1,0xd1,0x8b,0xd0,0xb2,0xd0,0xb0,0xd0,0xbb,0xd0,0xb8,0x20,
  0xd0,0xb8,0xd0,0xb7,0x20,0xd0,0xbf,0xd0,0xbe,0xd0,0xb4,0xd0,0xb6,0xd0,0xb5,0xd0,
  0xbb,0xd1,0x83,0xd0,0xb4,0xd0,0xbe,0xd1,0x87,0xd0,0xbd,0xd0,0xbe,0xd0,0xb9,0x20,
  0xd0,0xb6,0xd0,0xb5,0xd0,0xbb,0xd0,0xb5,0xd0,0xb7,0xd1,0x8b,0x20,0xd1,0x82,0xd0,
  0xb5,0xd0,0xbb,0xd1,0x8f,0xd1,0x82,0x2c,0x20,0xd0,0xbd,0xd0,0xb0,0xd0,0xb7,0xd0,
  0xb2,0xd0,0xb0,0xd0,0xbd,0xd0,0xbd,0xd1,0x8b,0xd0,0xb9,0x20,0xd0,0xb8,0xd0,0xbc,
  0xd0,0xb8,0x20,0xd0,0xbf,0xd0,0xbe,0xd0,0xb7,0xd0,0xb6,0xd0,0xb5,0x20,0xd0,0xb8,
  0xd0,0xbd,0xd1,0x81,0xd1,0x83,0xd0,0xbb,0xd0,0xb8,0xd0,0xbd,0xd0,0xbe,0xd0,0xbc,
  0x2e,0x20,0xd0,0xa1,0xd1,0x8c,0xd1,0x8e,0xd0,0xb7,0xd0,0xb8,0x20,0xd1,0x83,0xd0,
  0xb4,0xd0,0xb0,0xd0,0xbb,0xd0,0xb8,0xd0,0xbb,0xd0,0xb8,0x20,0xd0,0xbf,0xd0,0xbe,
  0xd0,0xb4,0xd0,0xb6,0xd0,0xb5,0xd0,0xbb,0xd1,0x83,0xd0,0xb4,0xd0,0xbe,0xd1,0x87,
  0xd0,0xbd,0xd1,0x83,0xd1,0x8e,0x20,0xd0,0xb6,0xd0,0xb5,0xd0,0xbb,0xd0,0xb5,0xd0,
  0xb7,0xd1,0x83,0x2c,0x20,0xd0,0xb8,0x20,0xd0,0xbe,0xd0,0xbd,0xd0,0xb0,0x20,0xd0,
  0xb7,0xd0,0xb0,0xd0,0xb1,0xd0,0xbe,0xd0,0xbb,0xd0,0xb5,0xd0,0xbb,0xd0,0xb0,0x20,
  0xd0,0xb4,0xd0,0xb8,0xd0,0xb0,0xd0,0xb1,0xd0,0xb5,0xd1,0x82,0xd0,0xbe,0xd0,0xbc,
  0x2e,0x20,0xd1,0x82,0xd0,0xb0,0xd0,0xba,0x20,0xd0,0xba,0xd0,0xb0,0xd0,0xba,0x20,
  0xd0,0xb2,0xd0,0xb5,0xd1,0x89,0xd0,0xb5,0xd1,0x81,0xd1,0x82,0xd0,0xb2,0xd0,0xbe,
  0x2c,0x20,0xd0,0xbd,0xd0,0xb0,0xd0,0xb7,0xd1,0x8b,0xd0,0xb2,0xd0,0xb0,0xd0,0xb5,
  0xd0,0xbc,0xd0,0xbe,0xd0,0xb5,0x20,0xd0,0xb8,0xd0,0xbd,0xd1,0x81,0xd1,0x83,0xd0,
  0xbb,0xd0,0xb8,0xd0,0xbd,0xd0,0xbe,0xd0,0xbc,0x2c,0x20,0xd0,0xbf,0xd0,0xbe,0xd0,
  0xbd,0xd0,0xb8,0xd0,0xb6,0xd0,0xb0,0xd0,0xbb,0xd0,0xbe,0x20,0xd1,0x83,0x20,0xd0,
  0xa1,0xd1,0x8c,0xd1,0x8e,0xd0,0xb7,0xd0,0xb8,0x20,0xd1,0x81,0xd0,0xb0,0xd1,0x85,
  0xd0,0xb0,0xd1,0x80,0x20,0xd0,0xb2,0x20,0xd0,0xba,0xd1,0x80,0xd0,0xbe,0xd0,0xb2,
  0xd0,0xb8,0x2c,0x20,0xd0,0xb8,0xd1,0x81,0xd1,0x81,0xd0,0xbb,0xd0,0xb5,0xd0,0xb4,
  0xd0,0xbe,0xd0,0xb2,0xd0,0xb0,0xd1,0x82,0xd0,0xb5,0xd0,0xbb,0xd0,0xb8,0x20,0xd0,
  0xbe,0xd1,0x82,0xd0,0xb2,0xd0,0xb0,0xd0,0xb6,0xd0,0xb8,0xd0,0xbb,0xd0,0xb8,0xd1,
  0x81,0xd1,0x8c,0x20,0xd0,0xb2,0x20,0xd1,0x8f,0xd0,0xbd,0xd0,0xb2,0xd0,0xb0,0xd1,
  0x80,0xd0,0xb5,0x20,0x31,0x39,0x32,0x32,0x20,0xd0,0xb3,0xd0,0xbe,0xd0,0xb4,0xd0,
  0xb0,0x20,0xd0,0xb8,0xd1,0x81,0xd0,0xbf,0xd1,0x80,0xd0,0xbe,0xd0,0xb1,0xd0,0xbe,
  0xd0,0xb2,0xd0,0xb0,0xd1,0x82,0xd1,0x8c,0x20,0xd1,0x8d,0xd1,0x82,0xd0,0xbe,0xd1,
  0x82,0x20,0xd0,0xbc,0xd0,0xb5,0xd1,0x82,0xd0,0xbe,0xd0,0xb4,0x20,0xd0,0xbd,0xd0,
  0xb0,0x20,0x31,0x34,0x2d,0xd0,0xbb,0xd0,0xb5,0xd1,0x82,0xd0,0xbd,0xd0,0xb5,0xd0,
  0xbc,0x20,0xd0,0xbc,0xd0,0xb0,0xd0,0xbb,0xd1,0x8c,0xd1,0x87,0xd0,0xb8,0xd0,0xba,
  0xd0,0xb5,0x20,0xd0,0x9b,0xd0,0xb5,0xd0,0xbe,0xd0,0xbd,0xd0,0xb0,0xd1,0x80,0xd0,
  0xb4,0xd0,0xb5,0x20,0xd0,0xa2,0xd0,0xbe,0xd0,0xbc,0xd1,0x81,0xd0,0xbe,0xd0,0xbd,
  0xd0,0xb5,0x2c,0x20,0xd0,0xba,0xd0,0xbe,0xd1,0x82,0xd0,0xbe,0xd1,0x80,0xd1,0x8b,
  0xd0,0xb9,0x20,0xd0,0xbe,0xd1,0x87,0xd0,0xb5,0xd0,0xbd,0xd1,0x8c,0x20,0xd1,0x81,
  0xd0,0xb8,0xd0,0xbb,0xd1,0x8c,0xd0,0xbd,0xd0,0xbe,0x20,0xd0,0xbf,0xd0,0xbe,0xd1,
  0x85,0xd1,0x83,0xd0,0xb4,0xd0,0xb5,0xd0,0xbb,0x20,0xd0,0xb8,0x20,0xd0,0xb2,0xd1,
  0x8b,0xd1,0x81,0xd0,0xbe,0xd1,0x85,0x2c,0x20,0xd0,0xb2,0xd1,0x81,0xd0,0xb5,0x20,
  0xd0,0xb4,0xd1,0x83,0xd0,0xbc,0xd0,0xb0,0xd0,0xbb,0xd0,0xb8,0x2c,0x20,0xd1,0x87,
  0xd1,0x82,0xd0,0xbe,0x20,0xd0,0xbe,0xd0,0xbd,0x20,0xd1,0x81,0xd0,0xba,0xd0,0xbe,
  0xd1,0x80,0xd0,0xbe,0x20,0xd1,0x83,0xd0,0xbc,0xd1,0x80,0xd1,0x91,0xd1,0x82,0x2e,
  0x20,0xd0,0x91,0xd0,0xbb,0xd0,0xb0,0xd0,0xb3,0xd0,0xbe,0xd0,0xb4,0xd0,0xb0,0xd1,
  0x80,0xd1,0x8f,0x20,0xd0,0xb2,0xd0,0xb2,0xd0,0xb5,0xd0,0xb4,0xd1,0x91,0xd0,0xbd,
  0xd0,0xbd,0xd0,0xbe,0xd0,0xbc,0xd1,0x83,0x20,0xd0,0xb8,0xd0,0xbd,0xd1,0x81,0xd1,
  0x83,0xd0,0xbb,0xd0,0xb8,0xd0,0xbd,0xd1,0x83,0x2c,0x20,0xd0,0xb4,0xd0,0xbe,0xd0,
  0xb1,0xd1,0x8b,0xd1,0x82,0xd0,0xbe,0xd0,0xbc,0xd1,0x83,0x20,0xd0,0xb8,0xd0,0xb7,
  0x20,0xd0,0xbf,0xd0,0xbe,0xd0,0xb4,0xd0,0xb6,0xd0,0xb5,0xd0,0xbb,0xd1,0x83,0xd0,
  0xb4,0xd0,0xbe,0xd1,0x87,0xd0,0xbd,0xd0,0xbe,0xd0,0xb9,0x20,0xd0,0xb6,0xd0,0xb5,
  0xd0,0xbb,0xd0,0xb5,0xd0,0xb7,0xd1,0x8b,0x20,0xd0,0xb1,0xd1,0x8b,0xd0,0xba,0xd0,
  0xb0,0x2c,0x20,0xd0,0xbc,0xd0,0xb0,0xd0,0xbb,0xd1,0x8c,0xd1,0x87,0xd0,0xb8,0xd0,
  0xba,0x20,0xd0,0xb2,0xd1,0x8b,0xd0,0xb6,0xd0,0xb8,0xd0,0xbb,0x20,0xd0,0xb8,0x20,
  0xd1,0x87,0xd0,0xb5,0xd1,0x80,0xd0,0xb5,0xd0,0xb7,0x20,0xd0,0xbd,0xd0,0xb5,0xd0,
  0xba,0xd1,0x82,0xd0,0xbe,0xd1,0x80,0xd0,0xbe,0xd0,0xb5,0x20,0xd0,0xb2,0xd1,0x80,
  0xd0,0xb5,0xd0,0xbc,0xd1,0x8f,0x20,0xd1,0x81,0xd1,0x82,0xd0,0xb0,0xd0,0xbb,0x20,
  0xd0,0xbd,0xd0,0xb0,0xd0,0xb1,0xd0,0xb8,0xd1,0x80,0xd0,0xb0,0xd1,0x82,0xd1,0x8c,
  0x20,0xd0,0xb2,0x20,0xd0,0xb2,0xd0,0xb5,0xd1,0x81,0xd0,0xb5,0x2e,0x20,0xd0,0xa3,
  0xd1,0x81,0xd0,0xbf,0xd0,0xb5,0xd1,0x88,0xd0,0xbd,0xd0,0xbe,0xd0,0xb5,0x20,0xd0,
  0xbb,0xd0,0xb5,0xd1,0x87,0xd0,0xb5,0xd0,0xbd,0xd0,0xb8,0xd0,0xb5,0x20,0xd0,0xb4,
  0xd0,0xb8,0xd0,0xb0,0xd0,0xb1,0xd0,0xb5,0xd1,0x82,0xd0,0xb0,0x20,0xd0,0xbf,0xd1,
  0x80,0xd0,0xb8,0x20,0xd0,0xbf,0xd0,0xbe,0xd0,0xbc,0xd0,0xbe,0xd1,0x89,0xd0,0xb8,
  0x20,0xd0,0xb8,0xd0,0xbd,0xd1,0x81,0xd1,0x83,0xd0,0xbb,0xd0,0xb8,0xd0,0xbd,0xd0,
  0xb0,0x20,0xd0,0xb1,0xd1,0x8b,0xd0,0xbb,0xd0,0xbe,0x20,0xd1,0x81,0xd0,0xb5,0xd0,
  0xbd,0xd1,0x81,0xd0,0xb0,0xd1,0x86,0xd0,0xb8,0xd0,0xb5,0xd0,0xb9,0x20,0xd0,0xb2,
  0x20,0xd0,0xbc,0xd0,0xb5,0xd0,0xb4,0xd0,0xb8,0xd1,0x86,0xd0,0xb8,0xd0,0xbd,0xd0,
  0xb5,0x2c,0x20,0xd0,0xb2,0xd1,0x81,0xd0,0xba,0xd0,0xbe,0xd1,0x80,0xd0,0xb5,0x20,
  0xd1,0x8d,0xd1,0x82,0xd0,0xbe,0x20,0xd1,0x81,0xd1,0x82,0xd0,0xb0,0xd0,0xbb,0xd0,
  0xbe,0x20,0xd0,0xb8,0xd0,0xb7,0xd0,0xb2,0xd0,0xb5,0xd1,0x81,0xd1,0x82,0xd0,0xbd,
  0xd0,0xbe,0x20,0xd0,0xb2,0xd0,0xbe,0x20,0xd0,0xb2,0xd1,0x81,0xd1,0x91,0xd0,0xbc,
  0x20,0xd0,0xbc,0xd0,0xb8,0xd1,0x80,0xd0,0xb5,0x20,0xd0,0xb8,0x20,0xd0,0xbf,0xd0,
  0xbe,0xd0,0xbc,0xd0,0xbe,0xd0,0xb3,0xd0,0xb0,0xd0,0xbb,0xd0,0xbe,0x20,0xd0,0xb2,
  0xd1,0x8b,0xd0,0xb6,0xd0,0xb8,0xd0,0xb2,0xd0,0xb0,0xd1,0x82,0xd1,0x8c,0x20,0xd0,
  0xb1,0xd0,0xbe,0xd0,0xbb,0xd1,0x8c,0xd0,0xbd,0xd1,0x8b,0xd0,0xbc,0x20,0xd0,0xb4,
  0xd0,0xb8,0xd0,0xb0,0xd0,0xb1,0xd0,0xb5,0xd1,0x82,0xd0,0xbe,0xd0,0xbc,0x2e,0x3c,
  0x2f,0x70,0x3e,0xa,0x20,0x3c,0x70,0x3e,0xd0,0xa2,0xd0,0xbe,0xd0,0xbb,0xd1,0x8c,
  0xd0,0xba,0xd0,0xbe,0x20,0xd0,0xb2,0x20,0x31,0x39,0x33,0x36,0x20,0xd0,0xb3,0xd0,
  0xbe,0xd0,0xb4,0xd1,0x83,0x20,0xd0,0xa5,0xd0,0xb0,0xd0,0xb3,0xd0,0xb5,0xd0,0xb4,
  0xd0,0xbe,0xd1,0x80,0xd0,0xbd,0xd0,0xbe,0xd0,0xbc,0x20,0xd0,0xb1,0xd1,0x8b,0xd0,
  0xbb,0x20,0xd0,0xb8,0xd0,0xb7,0xd0,0xbe,0xd0,0xb1,0xd1,0x80,0xd0,0xb5,0xd1,0x82,
  0xd1,0x91,0xd0,0xbd,0x20,0xd0,0xbf,0xd0,0xb5,0xd1,0x80,0xd0,0xb2,0xd1,0x8b,0xd0,
  0xb9,0x20,0xd0,0xb1,0xd0,0xb0,0xd0,0xb7,0xd0,0xb0,0xd0,0xbb,0xd1,0x8c,0xd0,0xbd,
  0xd1,0x8b,0xd0,0xb9,0x20,0xd0,0xb8,0xd0,0xbd,0xd1,0x81,0xd1,0x83,0xd0,0xbb,0xd0,
  0xb8,0xd0,0xbd,0x2e,0x20,0xd0,0x92,0x20,0x31,0x39,0x34,0x31,0x20,0xd0,0xb3,0xd0,
  0xbe,0xd0,0xb4,0xd1,0x83,0x20,0xd1,0x84,0xd0,0xb8,0xd1,0x80,0xd0,0xbc,0xd0,0xb0,
  0x20,0xd0,0x90,0xd0,0xbc,0xd0,0xb5,0xd1,0x81,0x20,0xd1,0x81,0xd1,0x82,0xd0,0xb0,
  0xd0,0xbb,0xd0,0xb0,0x20,0xd0,0xbf,0xd1,0x80,0xd0,0xbe,0xd0,0xb8,0xd0,0xb7,0xd0,
  0xb2,0xd0,0xbe,0xd0,0xb4,0xd0,0xb8,0xd1,0x82,0xd1,0x8c,0x20,0xd0,0xbf,0xd0,0xb5,
  0xd1,0x80,0xd0,0xb2,0xd1,0x8b,0xd0,0xb5,0x20,0xd1,0x82,0xd0,0xb5,0xd1,0x81,0xd1,
  0x82,0x2d,0xd0,0xbf,0xd0,0xbe,0xd0,0xbb,0xd0,0xbe,0xd1,0x81,0xd0,0xba,0xd0,0xb8,
  0x20,0xd0,0xb4,0xd0,0xbb,0xd1,0x8f,0x20,0xd0,0xb8,0xd0,0xb7,0xd0,0xbc,0xd0,0xb5,
  0xd1,0x80,0xd0,0xb5,0xd0,0xbd,0xd0,0xb8,0xd1,0x8f,0x20,0xd1,0x81,0xd0,0xb0,0xd1,
  0x85,0xd0,0xb0,0xd1,0x80,0xd0,0xb0,0x20,0xd0,0xb2,0x20,0xd0,0xbc,0xd0,0xbe,0xd1,
  0x87,0xd0,0xb5,0x2e,0x20,0xd0,0x98,0x20,0xd0,0xbb,0xd0,0xb8,0xd1,0x88,0xd1,0x8c,
  0x20,0xd1,0x87,0xd0,0xb5,0xd1,0x80,0xd0,0xb5,0xd0,0xb7,0x20,0x32,0x30,0x20,0xd0,
  0xbb,0xd0,0xb5,0xd1,0x82,0x20,0xd1,0x8d,0xd1,0x82,0xd0,0xb0,0x20,0xd0,0xb6,0xd0,
  0xb5,0x20,0xd1,0x84,0xd0,0xb8,0xd1,0x80,0xd0,0xbc,0xd0,0xb0,0x20,0xd0,0xbd,0xd0,
  0xb0,0xd1,0x87,0xd0,0xb0,0xd0,0xbb,0xd0,0xb0,0x20,0xd0,0xb2,0xd1,0x8b,0xd0,0xbf,
  0xd1,0x83,0xd1,0x81,0xd0,0xba,0xd0,0xb0,0xd1,0x82,0xd1,0x8c,0x20,0xd0,0xbf,0xd0,
  0xb5,0xd1,0x80,0xd0,0xb2,0xd1,0x8b,0xd0,0xb5,0x20,0xd1,0x82,0xd0,0xb5,0xd1,0x81,
  0xd1,0x82,0x2d,0xd0,0xbf,0xd0,0xbe,0xd0,0xbb,0xd0,0xbe,0xd1,0x81,0xd0,0xba,0xd0,
  0xb8,0x20,0xd0,0xb4,0xd0,0xbb,0xd1,0x8f,0x20,0xd0,0xb8,0xd0,0xb7,0xd0,0xbc,0xd0,
  0xb5,0xd1,0x80,0xd0,0xb5,0xd0,0xbd,0xd0,0xb8,0xd1,0x8f,0x20,0xd1,0x81,0xd0,0xb0,
  0xd1,0x85,0xd0,0xb0,0xd1,0x80,0xd0,0xb0,0x20,0xd0,0xb2,0x20,0xd0,0xba,0xd1,0x80,
  0xd0,0xbe,0xd0,0xb2,0xd0,0xb8,0x20,0x28,0x31,0x39,0x36,0x34,0x29,0x3c,0x2f,0x70,
  0x3e,0xa,0x20,0x3c,0x70,0x3e,0xd0,0xa1,0x20,0x31,0x39,0x38,0x32,0x20,0xd0,0xb3,
  0xd0,0xbe,0xd0,0xb4,0xd0,0xb0,0x2c,0x20,0xd0,0xbd,0xd0,0xb0,0xd1,0x80,0xd1,0x8f,
  0xd0,0xb4,0xd1,0x83,0x20,0xd1,0x81,0x20,0xd0,0xb8,0xd0,0xbd,0xd1,0x81,0xd1,0x83,
  0xd0,0xbb,0xd0,0xb8,0xd0,0xbd,0xd0,0xbe,0xd0,0xbc,0x2c,0x20,0xd0,0xb4,0xd0,0xbe,
  0xd0,0xb1,0xd1,0x8b,0xd0,0xb2,0xd0,0xb0,0xd0,0xb5,0xd0,0xbc,0xd1,0x8b,0xd0,0xbc,
  0x20,0xd0,0xb8,0xd0,0xb7,0x20,0xd0,0xbf,0xd0,0xbe,0xd0,0xb4,0xd0,0xb6,0xd0,0xb5,
  0xd0,0xbb,0xd1,0x83,0xd0,0xb4,0xd0,0xbe,0xd1,0x87,0xd0,0xbd,0xd0,0xbe,0xd0,0xb9,
  0x20,0xd0,0xb6,0xd0,0xb5,0xd0,0xbb,0xd0,0xb5,0xd0,0xb7,0xd1,0x8b,0x20,0xd0,0xb6,
  0xd0,0xb8,0xd0,0xb2,0xd0,0xbe,0xd1,0x82,0xd0,0xbd,0xd1,0x8b,0xd1,0x85,0x2c,0x20,
  0xd1,0x81,0xd1,0x82,0xd0,0xb0,0xd0,0xbb,0x20,0xd0,0xb4,0xd0,0xbe,0xd1,0x81,0xd1,
  0x82,0xd1,0x83,0xd0,0xbf,0xd0,0xb5,0xd0,0xbd,0x20,0xd1,0x82,0xd0,0xb0,0xd0,0xba,
  0xd0,0xb6,0xd0,0xb5,0x20,0xd0,0xb3,0xd0,0xb5,0xd0,0xbd,0xd0,0xb5,0xd0,0xb8,0xd1,
  0x87,0xd0,0xb5,0xd1,0x81,0xd0,0xba,0xd0,0xb8,0x20,0xd1,0x81,0xd0,0xb8,0xd0,0xbd,
  0xd1,0x82,0xd0,0xb5,0xd0,0xb7,0xd0,0xb8,0xd1,0x80,0xd0,0xbe,0xd0,0xb2,0xd0,0xb0,
  0xd0,0xbd,0xd0,0xbd,0xd1,0x8b,0xd0,0xb9,0x20,0xd1,0x87,0xd0,0xb5,0xd0,0xbb,0xd0,
  0xbe,0xd0,0xb2,0xd0,0xb5,0xd1,0x87,0xd0,0xb5,0xd1,0x81,0xd0,0xba,0xd0,0xb8,0xd0,
  0xb9,0x20,0xd0,0xb8,0xd0,0xbd,0xd1,0x81,0xd1,0x83,0xd0,0xbb,0xd0,0xbd,0x28,0xd1,
  0x85,0xd1,0x83,0xd0,0xbc,0xd0,0xb0,0xd0,0xbd,0xd0,0xb8,0xd0,0xbd,0xd1,0x81,0xd1,
  0x83,0xd0,0xbb,0xd0,0xb8,0xd0,0xbd,0x29,0x2e,0x20,0xd0,0x9f,0xd1,0x80,0xd0,0xb8,
  0x20,0xd0,0xbf,0xd0,0xbe,0xd0,0xbc,0xd0,0xbe,0xd0,0xb7,0xd0,0xb8,0x20,0xd0,0xb1,
  0xd0,0xb0,0xd0,0xba,0xd1,0x82,0xd0,0xb5,0xd1,0x80,0xd0,0xb8,0xd0,0xb9,0x20,0xd0,
  0xbf,0xd1,0x80,0xd0,0xbe,0xd0,0xb8,0xd0,0xb7,0xd0,0xb2,0xd0,0xbe,0xd0,0xb4,0xd1,
  0x8f,0xd1,0x82,0x20,0xd0,0xb8,0xd0,0xbd,0xd1,0x81,0xd1,0x83,0xd0,0xbb,0xd0,0xb8,
  0xd0,0xbd,0x20,0xd0,0xb8,0xd0,0xbb,0xd0,0xb8,0x20,0xd0,0xbf,0xd1,0x80,0xd0,0xb5,
  0xd0,0xb2,0xd1,0x80,0xd0,0xb0,0xd1,0x89,0xd0,0xb0,0xd1,0x8e,0xd1,0x82,0x20,0xd1,
  0x81,0xd0,0xb2,0xd0,0xb8,0xd0,0xbd,0xd0,0xbe,0xd0,0xb9,0x20,0xd0,0xb8,0xd0,0xbd,
  0xd1,0x81,0xd1,0x83,0xd0,0xbb,0xd0,0xb8,0xd0,0xbd,0x20,0xd0,0xb2,0x20,0xd1,0x87,
  0xd0,0xb5,0xd0,0xbb,0xd0,0xbe,0xd0,0xb2,0xd0,0xb5,0xd1,0x87,0xd0,0xb5,0xd1,0x81,
  0xd0,0xba,0xd0,0xb8,0xd0,0xb9,0x29,0x2e,0x3c,0x2f,0x70,0x3e,0xa,0x3c,0x2f,0x62,
  0x6f,0x64,0x79,0x3e,0xa,0x3c,0x2f,0x68,0x74,0x6d,0x6c,0x3e,0xa,0xa,
    // TextXE.html
  0x0,0x0,0xa,0x52,
  0x3c,
  0x21,0x44,0x4f,0x43,0x54,0x59,0x50,0x45,0x20,0x68,0x74,0x6d,0x6c,0x3e,0xa,0x3c,
  0x68,0x74,0x6d,0x6c,0x3e,0xa,0x3c,0x68,0x65,0x61,0x64,0x3e,0xa,0x3c,0x6d,0x65,
  0x74,0x61,0x20,0x63,0x68,0x61,0x72,0x73,0x65,0x74,0x3d,0x22,0x55,0x54,0x46,0x2d,
  0x38,0x22,0x3e,0xa,0x3c,0x73,0x74,0x79,0x6c,0x65,0x3e,0xa,0x62,0x6f,0x64,0x79,
  0x20,0x7b,0xa,0x66,0x6f,0x6e,0x74,0x2d,0x66,0x61,0x6d,0x69,0x6c,0x79,0x3a,0x20,
  0x22,0x53,0x65,0x67,0x6f,0x65,0x20,0x55,0x49,0x22,0x2c,0x20,0x73,0x61,0x6e,0x73,
  0x2d,0x73,0x65,0x72,0x69,0x66,0x3b,0xa,0x66,0x6f,0x6e,0x74,0x2d,0x73,0x69,0x7a,
  0x65,0x3a,0x20,0x31,0x36,0x70,0x78,0x3b,0xa,0x63,0x6f,0x6c,0x6f,0x72,0x3a,0x20,
  0x23,0x33,0x33,0x33,0x3b,0xa,0x6c,0x69,0x6e,0x65,0x2d,0x68,0x65,0x69,0x67,0x68,
  0x74,0x3a,0x20,0x31,0x2e,0x36,0x3b,0xa,0x6d,0x61,0x72,0x67,0x69,0x6e,0x3a,0x20,
  0x32,0x30,0x70,0x78,0x3b,0xa,0x7d,0xa,0x70,0x20,0x7b,0x20,0x6d,0x61,0x72,0x67,
  0x69,0x6e,0x2d,0x62,0x6f,0x74,0x74,0x6f,0x6d,0x3a,0x20,0x31,0x35,0x70,0x78,0x3b,
  0x7d,0xa,0x3c,0x2f,0x73,0x74,0x79,0x6c,0x65,0x3e,0xa,0x3c,0x68,0x65,0x61,0x64,
  0x3e,0xa,0x3c,0x62,0x6f,0x64,0x79,0x3e,0xa,0x3c,0x68,0x31,0x3e,0xd0,0xa5,0xd0,
  0xbb,0xd0,0xb5,0xd0,0xb1,0xd0,0xbd,0xd1,0x8b,0xd0,0xb5,0x20,0xd0,0xb5,0xd0,0xb4,
  0xd0,0xb8,0xd0,0xbd,0xd0,0xb8,0xd1,0x86,0xd1,0x8b,0x3c,0x2f,0x68,0x31,0x3e,0xa,
  0x3c,0x70,0x3e,0xd0,0x94,0xd0,0xbb,0xd1,0x8f,0x20,0xd1,0x85,0xd0,0xbe,0xd1,0x80,
  0xd0,0xbe,0xd1,0x88,0xd0,0xb5,0xd0,0xb9,0x20,0xd0,0xba,0xd0,0xbe,0xd0,0xbc,0xd0,
  0xbf,0xd0,0xb5,0xd0,0xbd,0xd1,0x81,0xd0,0xb0,0xd1,0x86,0xd0,0xb8,0xd0,0xb8,0x20,
  0xd0,0xb4,0xd0,0xb8,0xd0,0xb0,0xd0,0xb1,0xd0,0xb5,0xd1,0x82,0xd0,0xb0,0x20,0xd0,
  0xb2,0xd0,0xb0,0xd0,0xb6,0xd0,0xb5,0xd0,0xbd,0x20,0xd0,0xbd,0xd0,0xb5,0x20,0xd1,
  0x82,0xd0,0xbe,0xd0,0xbb,0xd1,0x8c,0xd0,0xba,0xd0,0xbe,0x20,0xd0,0xb2,0xd0,0xb2,
  0xd0,0xbe,0xd0,0xb4,0xd0,0xb8,0xd0,0xbc,0xd1,0x8b,0xd0,0xb9,0x20,0xd0,0xb8,0xd0,
  0xbd,0xd1,0x81,0xd1,0x83,0xd0,0xbb,0xd0,0xb8,0xd0,0xbd,0x2c,0x20,0xd0,0xbd,0xd0,
  0xbe,0x20,0xd0,0xb8,0x20,0xd1,0x83,0xd1,0x87,0xd1,0x91,0xd1,0x82,0x20,0xd0,0xba,
  0xd0,0xbe,0xd0,0xbb,0xd0,0xb8,0xd1,0x87,0xd0,0xb5,0xd1,0x81,0xd1,0x82,0xd0,0xb2,
  0xd0,0xb0,0x20,0xd0,0xa5,0xd0,0x95,0x20,0x28,0xd1,0x85,0xd0,0xbb,0xd0,0xb5,0xd0,
  0xb1,0xd0,0xbd,0xd1,0x8b,0xd1,0x85,0x20,0xd0,0xb5,0xd0,0xb4,0xd0,0xb8,0xd0,0xbd,
  0xd0,0xb8,0xd1,0x86,0x29,0x2c,0x20,0xd0,0xba,0xd0,0xbe,0xd1,0x82,0xd0,0xbe,0xd1,
  0x80,0xd1,0x8b,0xd0,0xb5,0x20,0xd0,0xbc,0xd1,0x8b,0x20,0xd1,0x83,0xd0,0xbf,0xd0,
  0xbe,0xd1,0x82,0xd1,0x80,0xd0,0xb5,0xd0,0xb1,0xd0,0xbb,0xd1,0x8f,0xd0,0xb5,0xd0,
  0xbc,0x2e,0x20,0xd0,0xa1,0x20,0xd0,0xbf,0xd0,0xb8,0xd1,0x82,0xd0,0xb0,0xd0,0xbd,
  0xd0,0xb8,0xd0,0xb5,0xd0,0xbc,0x20,0xd0,0xb2,0x20,0xd0,0xbe,0xd1,0x80,0xd0,0xb3,
  0xd0,0xb0,0xd0,0xbd,0xd0,0xb8,0xd0,0xb7,0xd0,0xbc,0x20,0xd0,0xbf,0xd0,0xbe,0xd1,
  0x81,0xd1,0x82,0xd1,0x83,0xd0,0xbf,0xd0,0xb0,0xd1,0x8e,0xd1,0x82,0x20,0xd0,0xb1,
  0xd0,0xb5,0xd0,0xbb,0xd0,0xba,0xd0,0xb8,0x2c,0x20,0xd0,0xb6,0xd0,0xb8,0xd1,0x80,
  0xd1,0x8b,0x2c,0x20,0xd1,0x83,0xd0,0xb3,0xd0,0xbb,0xd0,0xb5,0xd0,0xb2,0xd0,0xbe,
  0xd0,0xb4,0xd1,0x8b,0x2c,0x20,0xd0,0xb2,0xd0,0xb8,0xd1,0x82,0xd0,0xb0,0xd0,0xbc,
  0xd0,0xb8,0xd0,0xbd,0xd1,0x8b,0x2c,0x20,0xd0,0xbc,0xd0,0xb8,0xd0,0xbd,0xd0,0xb5,
  0xd1,0x80,0xd0,0xb0,0xd0,0xbb,0xd1,0x8b,0x20,0xd0,0xbd,0xd0,0xb5,0xd0,0xbe,0xd0,
  0xb1,0xd1,0x85,0xd0,0xbe,0xd0,0xb4,0xd0,0xb8,0xd0,0xbc,0xd1,0x8b,0xd0,0xb5,0x20,
  0xd0,0xb4,0xd0,0xbb,0xd1,0x8f,0x20,0xd0,0xb6,0xd0,0xb8,0xd0,0xb7,0xd0,0xbd,0xd0,
  0xb5,0xd0,0xb4,0xd0,0xb5,0xd1,0x8f,0xd1,0x82,0xd0,0xb5,0xd0,0xbb,0xd1,0x8c,0xd0,
  0xbd,0xd0,0xbe,0xd1,0x81,0xd1,0x82,0xd0,0xb8,0x20,0xd1,0x87,0xd0,0xb5,0xd0,0xbb,
  0xd0,0xbe,0xd0,0xb2,0xd0,0xb5,0xd0,0xba,0xd0,0xb0,0x2e,0x20,0xd0,0x9e,0xd0,0xbd,
  0xd0,0xb8,0x20,0xd0,0xb4,0xd0,0xbe,0xd0,0xbb,0xd0,0xb6,0xd0,0xbd,0xd1,0x8b,0x20,
  0xd0,0xb1,0xd1,0x8b,0xd1,0x82,0xd1,0x8c,0x20,0xd0,0xb2,0x20,0xd0,0xbf,0xd1,0x80,
  0xd0,0xb0,0xd0,0xb2,0xd0,0xb8,0xd0,0xbb,0xd1,0x8c,0xd0,0xbd,0xd0,0xbe,0xd0,0xbc,
  0x20,0xd1,0x81,0xd0,0xbe,0xd0,0xbe,0xd1,0x82,0xd0,0xbd,0xd0,0xbe,0xd1,0x88,0xd0,
  0xb5,0xd0,0xbd,0xd0,0xb8,0xd0,0xb8,0x2e,0x3c,0x2f,0x70,0x3e,0xa,0x3c,0x70,0x3e,
  0xd0,0xa3,0xd0,0xb3,0xd0,0xbb,0xd0,0xb5,0xd0,0xb2,0xd0,0xbe,0xd0,0xb4,0xd1,0x8b,
  0x20,0x2d,0x20,0xd0,0xbe,0xd1,0x81,0xd0,0xbd,0xd0,0xbe,0xd0,0xb2,0xd0,0xbd,0xd0,
  0xbe,0xd0,0xb9,0x20,0xd0,0xbf,0xd0,0xbe,0xd1,0x81,0xd1,0x82,0xd0,0xb0,0xd0,0xb2,
  0xd1,0x89,0xd0,0xb8,0xd0,0xba,0x20,0xd1,0x8d,0xd0,0xbd,0xd0,0xb5,0xd1,0x80,0xd0,
  0xb3,0xd0,0xb8,0xd0,0xb8,0x2e,0x20,0xd0,0x92,0x20,0xd0,0xbf,0xd0,0xb8,0xd1,0x89,
  0xd0,0xb5,0xd0,0xb2,0xd0,0xb0,0xd1,0x80,0xd0,0xb8,0xd1,0x82,0xd0,0xb5,0xd0,0xbb,
  0xd1,0x8c,0xd0,0xbd,0xd0,0xbe,0xd0,0xbc,0x20,0xd1,0x82,0xd1,0x80,0xd0,0xb0,0xd0,
  0xba,0xd1,0x82,0xd0,0xb5,0x20,0xd1,0x83,0xd0,0xb3,0xd0,0xbb,0xd0,0xb5,0xd0,0xb2,
  0xd0,0xbe,0xd0,0xb4,0xd1,0x8b,0x20,0xd0,0xbf,0xd1,0x80,0xd0,0xb5,0xd0,0xb2,0xd1,
  0x80,0xd0,0xb0,0xd1,0x89,0xd0,0xb0,0xd1,0x8e,0xd1,0x82,0xd1,0x81,0xd1,0x8f,0x20,
  0xd0,0xb2,0x20,0xd0,0xb3,0xd0,0xbb,0xd1,0x8e,0xd0,0xba,0xd0,0xbe,0xd0,0xb7,0xd1,
  0x83,0x20,0xd0,0xb8,0x20,0xd1,0x87,0xd0,0xb5,0xd1,0x80,0xd0,0xb5,0xd0,0xb7,0x20,
  0xd1,0x81,0xd1,0x82,0xd0,0xb5,0xd0,0xbd,0xd0,0xba,0xd1,0x83,0x20,0xd0,0xba,0xd0,
  0xb8,0xd1,0x88,0xd0,0xb5,0xd1,0x87,0xd0,0xbd,0xd0,0xb8,0xd0,0xba,0xd0,0xb0,0x20,
  0xd0,0xbf,0xd1,0x80,0xd0,0xbe,0xd1,0x81,0xd0,0xb0,0xd1,0x87,0xd0,0xb8,0xd0,0xb2,
  0xd0,0xb0,0xd1,0x8e,0xd1,0x82,0xd1,0x81,0xd1,0x8f,0x20,0xd0,0xb2,0x20,0xd0,0xba,
  0xd1,0x80,0xd0,0xbe,0xd0,0xb2,0xd1,0x8c,0x20,0xd0,0xb8,0x20,0xd0,0xb7,0xd0,0xb0,
  0xd1,0x82,0xd0,0xb5,0xd0,0xbc,0x20,0xd0,0xbf,0xd0,0xbe,0xd1,0x81,0xd1,0x82,0xd1,
  0x83,0xd0,0xbf,0xd0,0xb0,0xd1,0x8e,0xd1,0x82,0x20,0xd0,0xb2,0x20,0xd0,0xba,0xd0,
  0xbb,0xd0,0xb5,0xd1,0x82,0xd0,0xba,0xd0,0xb8,0x20,0xd0,0xbe,0xd1,0x80,0xd0,0xb3,
  0xd0,0xb0,0xd0,0xbd,0xd0,0xb8,0xd0,0xb7,0xd0,0xbc,0xd0,0xb0,0x2c,0x20,0xd0,0xb3,
  0xd0,0xb4,0xd0,0xb5,0x20,0xd0,0xbf,0xd1,0x80,0xd0,0xb5,0xd0,0xb2,0xd1,0x80,0xd0,
  0xb0,0xd1,0x89,0xd0,0xb0,0xd1,0x8e,0xd1,0x82,0xd1,0x81,0xd1,0x8f,0x20,0xd0,0xb2,
  0x20,0xd1,0x8d,0xd0,0xbd,0xd0,0xb5,0xd1,0x80,0xd0,0xb3,0xd0,0xb8,0xd1,0x8e,0x2e,
  0x20,0xd0,0x94,0xd0,0xbb,0xd1,0x8f,0x20,0xd1,0x82,0xd0,0xbe,0xd0,0xb3,0xd0,0xbe,
  0x20,0xd1,0x87,0xd1,0x82,0xd0,0xbe,0xd0,0xb1,0xd1,0x8b,0x20,0xd0,0xb3,0xd0,0xbb,
  0xd1,0x8e,0xd0,0xba,0xd0,0xbe,0xd0,0xb7,0xd0,0xb0,0x20,0xd0,0xbf,0xd0,0xbe,0xd0,
  0xbf,0xd0,0xb0,0xd0,0xbb,0xd0,0xb0,0x20,0xd0,0xb2,0x20,0xd0,0xba,0xd0,0xbb,0xd0,
  0xb5,0xd1,0x82,0xd0,0xba,0xd1,0x83,0x2c,0x20,0xd0,0xbd,0xd0,0xb5,0xd0,0xbe,0xd0,
  0xb1,0xd1,0x85,0xd0,0xbe,0xd0,0xb4,0xd0,0xb8,0xd0,0xbc,0x20,0xd0,0xb8,0xd0,0xbd,
  0xd1,0x81,0xd1,0x83,0xd0,0xbb,0xd0,0xb8,0xd0,0xbd,0x2e,0x20,0xd0,0x9a,0xd0,0xbe,
  0xd0,0xbb,0xd0,0xb8,0xd1,0x87,0xd0,0xb5,0xd1,0x81,0xd1,0x82,0xd0,0xb2,0xd0,0xbe,
  0x20,0xd0,0xb2,0xd0,0xb2,0xd0,0xbe,0xd0,0xb4,0xd0,0xb8,0xd0,0xbc,0xd0,0xbe,0xd0,
  0xb3,0xd0,0xbe,0x20,0xd0,0xb8,0xd0,0xbd,0xd1,0x81,0xd1,0x83,0xd0,0xbb,0xd0,0xb8,
  0xd0,0xbd,0xd0,0xb0,0x20,0xd0,0xba,0xd0,0xbe,0xd1,0x80,0xd0,0xbe,0xd1,0x82,0xd0,
  0xba,0xd0,0xbe,0xd0,0xb3,0xd0,0xbe,0x20,0xd0,0xb4,0xd0,0xb5,0xd0,0xb9,0xd1,0x81,
  0xd1,0x82,0xd0,0xb2,0xd0,0xb8,0xd1,0x8f,0x20,0xd0,0xb7,0xd0,0xb0,0xd0,0xb2,0xd0,
  0xb8,0xd1,0x81,0xd0,0xb8,0xd1,0x82,0x20,0xd0,0xbe,0xd1,0x82,0x20,0xd0,0xba,0xd0,
  0xbe,0xd0,0xbb,0xd0,0xb8,0xd1,0x87,0xd0,0xb5,0xd1,0x81,0xd1,0x82,0xd0,0xb2,0xd0,
  0xb0,0x20,0xd1,0x83,0xd0,0xb3,0xd0,0xbb,0xd0,0xb5,0xd0,0xb2,0xd0,0xbe,0xd0,0xb4,
  0xd0,0xbe,0xd0,0xb2,0x2c,0x20,0xd0,0xbf,0xd0,0xbe,0xd0,0xbb,0xd1,0x83,0xd1,0x87,
  0xd0,0xb0,0xd0,0xb5,0xd0,0xbc,0xd1,0x8b,0xd1,0x85,0x20,0xd0,0xb2,0xd0,0xbe,0x20,
  0xd0,0xb2,0xd1,0x80,0xd0,0xb5,0xd0,0xbc,0xd1,0x8f,0x20,0xd0,0xb5,0xd0,0xb4,0xd1,
  0x8b,0x2e,0x20,0xd0,0x94,0xd0,0xbb,0xd1,0x8f,0x20,0xd0,0xb1,0xd0,0xbe,0xd0,0xbb,
  0xd0,0xb5,0xd0,0xb5,0x20,0xd0,0xbb,0xd0,0xb5,0xd0,0xb3,0xd0,0xba,0xd0,0xbe,0xd0,
  0xb3,0xd0,0xbe,0x20,0xd0,0xbf,0xd0,0xbe,0xd0,0xb4,0xd1,0x81,0xd1,0x87,0xd0,0xb5,
  0xd1,0x82,0xd0,0xb0,0x20,0xd0,0xbf,0xd0,0xbe,0xd1,0x82,0xd1,0x80,0xd0,0xb5,0xd0,
  0xb1,0xd0,0xbb,0xd0,0xb5,0xd0,0xbd,0xd0,0xbd,0xd1,0x8b,0xd1,0x85,0x20,0xd1,0x83,
  0xd0,0xb3,0xd0,0xbb,0xd0,0xb5,0xd0,0xb2,0xd0,0xbe,0xd0,0xb4,0xd0,0xbe,0xd0,0xb2,
  0x20,0xd0,0xb1,0xd1,0x8b,0xd0,0xbb,0xd0,0xbe,0x20,0xd0,0xb2,0xd0,0xb2,0xd0,0xb5,
  0xd0,0xb4,0xd0,0xb5,0xd0,0xbd,0xd0,0xbe,0x20,0xd0,0xbf,0xd0,0xbe,0xd0,0xbd,0xd1,
  0x8f,0xd1,0x82,0xd0,0xb8,0xd0,0xb5,0x20,0xd1,0x85,0xd0,0xbb,0xd0,0xb5,0xd0,0xb1,
  0xd0,0xbd,0xd0,0xb0,0xd1,0x8f,0x20,0xd0,0xb5,0xd0,0xb4,0xd0,0xb8,0xd0,0xbd,0xd0,
  0xb8,0xd1,0x86,0xd0,0xb0,0x2e,0x3c,0x2f,0x70,0x3e,0xa,0x3c,0x70,0x3e,0x3c,0x62,
  0x3e,0x31,0x20,0xd0,0xa5,0xd0,0x95,0x20,0x3d,0x20,0x31,0x30,0x2d,0x31,0x32,0x20,
  0xd0,0xb3,0xd1,0x80,0xd0,0xb0,0xd0,0xbc,0xd0,0xbc,0x20,0xd1,0x83,0xd0,0xb3,0xd0,
  0xbb,0xd0,0xb5,0xd0,0xb2,0xd0,0xbe,0xd0,0xb4,0xd0,0xbe,0xd0,0xb2,0x20,0xd0,0xb2,
  0x20,0xd0,0xbb,0xd1,0x8e,0xd0,0xb1,0xd0,0xbe,0xd0,0xbc,0x20,0xd0,0xbf,0xd1,0x80,
  0xd0,0xbe,0xd0,0xb4,0xd1,0x83,0xd0,0xba,0xd1,0x82,0xd0,0xb5,0x3c,0x2f,0x62,0x3e,
  0x3c,0x2f,0x70,0x3e,0xa,0x3c,0x70,0x3e,0xd0,0xa0,0xd0,0xb0,0xd0,0xb7,0xd0,0xbb,
  0xd0,0xb8,0xd1,0x87,0xd0,0xb0,0xd1,0x8e,0xd1,0x82,0x20,0xd0,0xb1,0xd1,0x8b,0xd1,
  0x81,0xd1,0x82,0xd1,0x80,0xd1,0x8b,0xd0,0xb5,0x20,0xd0,0xb8,0x20,0xd0,0xbc,0xd0,
  0xb5,0xd0,0xb4,0xd0,0xbb,0xd0,0xb5,0xd0,0xbd,0xd0,0xbd,0xd1,0x8b,0xd0,0xb5,0x20,
  0xd0,0xa5,0xd0,0x95,0x2e,0x20,0xd0,0x9c,0xd0,0xb5,0xd0,0xb4,0xd0,0xbb,0xd0,0xb5,
  0xd0,0xbd,0xd0,0xbd,0xd0,0xb0,0xd1,0x8f,0x20,0xd0,0xa5,0xd0,0x95,0x20,0x2d,0x20,
  0xd1,0x8d,0xd1,0x82,0xd0,0xbe,0x20,0xd1,0x83,0xd0,0xb3,0xd0,0xbb,0xd0,0xb5,0xd0,
  0xb2,0xd0,0xbe,0xd0,0xb4,0xd1,0x8b,0x2c,0x20,0xd0,0xba,0xd0,0xbe,0xd1,0x82,0xd0,
  0xbe,0xd1,0x80,0xd1,0x8b,0xd0,0xb5,0x20,0xd0,0xbf,0xd0,0xbe,0xd1,0x81,0xd1,0x82,
  0xd0,0xb5,0xd0,0xbf,0xd0,0xb5,0xd0,0xbd,0xd0,0xbd,0xd0,0xbe,0x20,0xd0,0xbf,0xd0,
  0xbe,0xd0,0xb2,0xd1,0x8b,0xd1,0x88,0xd0,0xb0,0xd1,0x8e,0xd1,0x82,0x20,0xd1,0x81,
  0xd0,0xb0,0xd1,0x85,0xd0,0xb0,0xd1,0x80,0x20,0xd0,0xb2,0x20,0xd0,0xba,0xd1,0x80,
  0xd0,0xbe,0xd0,0xb2,0xd0,0xb8,0x2e,0x20,0xd0,0xa2,0xd0,0xb0,0xd0,0xba,0xd0,0xbe,
  0xd0,0xb5,0x20,0xd1,0x81,0xd0,0xb2,0xd0,0xbe,0xd0,0xb9,0xd1,0x81,0xd1,0x82,0xd0,
  0xb2,0xd0,0xbe,0x20,0xd0,0xbe,0xd0,0xbd,0xd0,0xb8,0x20,0xd0,0xbf,0xd1,0x80,0xd0,
  0xb8,0xd0,0xbe,0xd0,0xb1,0xd1,0x80,0xd0,0xb5,0xd1,0x82,0xd0,0xb0,0xd1,0x8e,0xd1,
  0x82,0x20,0xd0,0xb1,0xd0,0xbb,0xd0,0xb0,0xd0,0xb3,0xd0,0xbe,0xd0,0xb4,0xd0,0xb0,
  0xd1,0x80,0xd1,0x8f,0x20,0xd0,0xb6,0xd0,0xb8,0xd1,0x80,0xd0,0xb0,0xd0,0xbc,0x2c,
  0x20,0xd0,0xba,0xd0,0xbe,0xd1,0x82,0xd0,0xbe,0xd1,0x80,0xd1,0x8b,0xd0,0xb5,0x20,
  0xd1,0x81,0xd0,0xbe,0xd0,0xb4,0xd0,0xb5,0xd1,0x80,0xd0,0xb6,0xd0,0xb0,0xd1,0x82,
  0xd1,0x81,0xd1,0x8f,0x20,0xd0,0xb2,0x20,0xd1,0x8d,0xd1,0x82,0xd0,0xbe,0xd0,0xbc,
  0x20,0xd0,0xb6,0xd0,0xb5,0x20,0xd0,0xbf,0xd1,0x80,0xd0,0xbe,0xd0,0xb4,0xd1,0x83,
  0xd0,0xba,0xd1,0x82,0xd0,0xb5,0x2e,0x20,0xd0,0x9d,0xd0,0xb0,0xd0,0xbf,0xd1,0x80,
  0xd0,0xb8,0xd0,0xbc,0xd0,0xb5,0xd1,0x80,0x2c,0x20,0xd0,0xb2,0x20,0x32,0x30,0x20,
  0xd0,0xb3,0x20,0xd0,0xbc,0xd0,0xbe,0xd0,0xbb,0xd0,0xbe,0xd1,0x87,0xd0,0xbd,0xd0,
  0xbe,0xd0,0xb3,0xd0,0xbe,0x20,0xd1,0x88,0xd0,0xbe,0xd0,0xba,0xd0,0xbe,0xd0,0xbb,
  0xd0,0xb0,0xd0,0xb4,0xd0,0xb0,0x20,0xd1,0x81,0xd0,0xbe,0xd0,0xb4,0xd0,0xb5,0xd1,
  0x80,0xd0,0xb6,0xd0,0xb8,0xd1,0x82,0xd1,0x81,0xd1,0x8f,0x20,0x31,0x32,0x20,0xd0,
  0xb3,0x20,0xd1,0x83,0xd0,0xb3,0xd0,0xbb,0xd0,0xb5,0xd0,0xb2,0xd0,0xbe,0xd0,0xb4,
  0xd0,0xbe,0xd0,0xb2,0x20,0xd0,0xb8,0x20,0x36,0x20,0xd0,0xb3,0x20,0xd0,0xb6,0xd0,
  0xb8,0xd1,0x80,0xd0,0xbe,0xd0,0xb2,0x2e,0x20,0xd0,0xa1,0xd0,0xbb,0xd0,0xb5,0xd0,
  0xb4,0xd0,0xbe,0xd0,0xb2,0xd0,0xb0,0xd1,0x82,0xd0,0xb5,0xd0,0xbb,0xd1,0x8c,0xd0,
  0xbd,0xd0,0xbe,0x2c,0x20,0xd1,0x88,0xd0,0xbe,0xd0,0xba,0xd0,0xbe,0xd0,0xbb,0xd0,
  0xb0,0xd0,0xb4,0x20,0x2d,0x20,0xd0,0xbc,0xd0,0xb5,0xd0,0xb4,0xd0,0xbb,0xd0,0xb5,
  0xd0,0xbd,0xd0,0xbd,0xd0,0xb0,0xd1,0x8f,0x20,0xd0,0xa5,0xd0,0x95,0x2e,0x20,0xd0,
  0x91,0xd1,0x8b,0xd1,0x82,0xd1,0x81,0xd1,0x80,0xd1,0x8b,0xd0,0xb5,0x20,0xd0,0xa5,
  0xd0,0x95,0x20,0xd0,0xbf,0xd0,0xbe,0xd0,0xb2,0xd1,0x8b,0xd1,0x88,0xd0,0xb0,0xd1,
  0x8e,0xd1,0x82,0x20,0xd1,0x81,0xd0,0xb0,0xd1,0x85,0xd0,0xb0,0xd1,0x80,0x20,0xd0,
  0xb2,0x20,0xd0,0xba,0xd1,0x80,0xd0,0xbe,0xd0,0xb2,0xd0,0xb8,0x20,0xd1,0x81,0xd1,
  0x80,0xd0,0xb0,0xd0,0xb7,0xd1,0x83,0x20,0xd0,0xb6,0xd0,0xb5,0x20,0x2d,0x20,0xd1,
  0x8d,0xd1,0x82,0xd0,0xbe,0x20,0xd0,0xb3,0xd0,0xbb,0xd1,0x8e,0xd0,0xba,0xd0,0xbe,
  0xd0,0xb7,0xd0,0xb0,0x2c,0x20,0xd1,0x84,0xd1,0x80,0xd1,0x83,0xd0,0xba,0xd1,0x82,
  0xd1,0x8b,0x2c,0x20,0xd1,0x81,0xd0,0xbe,0xd0,0xba,0x20,0xd0,0xb8,0x20,0xd0,0xb4,
  0xd1,0x80,0x2e,0x20,0xd0,0xbf,0xd1,0x80,0xd0,0xbe,0xd0,0xb4,0xd1,0x83,0xd0,0xba,
  0xd1,0x82,0xd1,0x8b,0x2e,0x20,0xd0,0x9f,0xd1,0x80,0xd0,0xb8,0x20,0xd0,0xb3,0xd0,
  0xb8,0xd0,0xbf,0xd0,0xbe,0xd0,0xb3,0xd0,0xbb,0xd0,0xb8,0xd0,0xba,0xd0,0xb5,0xd0,
  0xbc,0xd0,0xb8,0xd0,0xb8,0x20,0xd0,0xbd,0xd1,0x83,0xd0,0xb6,0xd0,0xbd,0xd1,0x8b,
  0x20,0xd0,0xb1,0xd1,0x8b,0xd1,0x81,0xd1,0x82,0xd1,0x80,0xd1,0x8b,0xd0,0xb5,0x20,
  0xd0,0xa5,0xd0,0x95,0x2e,0x20,0xd0,0x90,0x20,0xd0,0xb2,0xd0,0xbe,0xd1,0x82,0x20,
  0xd0,0xb4,0xd0,0xbb,0xd1,0x8f,0x20,0xd0,0xbf,0xd0,0xbe,0xd0,0xb7,0xd0,0xb4,0xd0,
  0xbd,0xd0,0xb5,0xd0,0xb3,0xd0,0xbe,0x20,0xd0,0xbf,0xd1,0x80,0xd0,0xb8,0xd1,0x91,
  0xd0,0xbc,0xd0,0xb0,0x20,0xd0,0xbf,0xd0,0xb8,0xd1,0x89,0xd0,0xb8,0x20,0xd0,0xbb,
  0xd1,0x83,0xd1,0x87,0xd1,0x88,0xd0,0xb5,0x20,0xd0,0xb1,0xd1,0x80,0xd0,0xb0,0xd1,
  0x82,0xd1,0x8c,0x20,0xd0,0xbc,0xd0,0xb5,0xd0,0xb4,0xd0,0xbb,0xd0,0xb5,0xd0,0xbd,
  0xd0,0xbd,0xd1,0x8b,0xd0,0xb5,0x20,0xd0,0xa5,0xd0,0x95,0x2e,0x3c,0x2f,0x70,0x3e,
  0xa,0x3c,0x2f,0x62,0x6f,0x64,0x79,0x3e,0xa,0x3c,0x2f,0x68,0x74,0x6d,0x6c,0x3e,
  0xa,
    // TextGiper.html
  0x0,0x0,0xc,0x34,
  0x3c,
  0x21,0x44,0x4f,0x43,0x54,0x59,0x50,0x45,0x20,0x68,0x74,0x6d,0x6c,0x3e,0xa,0x3c,
  0x68,0x74,0x6d,0x6c,0x3e,0xa,0x3c,0x68,0x65,0x61,0x64,0x3e,0xa,0x3c,0x6d,0x65,
  0x74,0x61,0x20,0x63,0x68,0x61,0x72,0x73,0x65,0x74,0x3d,0x22,0x55,0x54,0x46,0x2d,
  0x38,0x22,0x3e,0xa,0x3c,0x73,0x74,0x79,0x6c,0x65,0x3e,0xa,0x62,0x6f,0x64,0x79,
  0x20,0x7b,0xa,0x66,0x6f,0x6e,0x74,0x2d,0x66,0x61,0x6d,0x69,0x6c,0x79,0x3a,0x20,
  0x22,0x53,0x65,0x67,0x6f,0x65,0x20,0x55,0x49,0x22,0x2c,0x20,0x73,0x61,0x6e,0x73,
  0x2d,0x73,0x65,0x72,0x69,0x66,0x3b,0xa,0x66,0x6f,0x6e,0x74,0x2d,0x73,0x69,0x7a,
  0x65,0x3a,0x20,0x31,0x36,0x70,0x78,0x3b,0xa,0x63,0x6f,0x6c,0x6f,0x72,0x3a,0x20,
  0x23,0x33,0x33,0x33,0x3b,0xa,0x6c,0x69,0x6e,0x65,0x2d,0x68,0x65,0x69,0x67,0x68,
  0x74,0x3a,0x20,0x31,0x2e,0x36,0x3b,0xa,0x6d,0x61,0x72,0x67,0x69,0x6e,0x3a,0x20,
  0x32,0x30,0x70,0x78,0x3b,0xa,0x7d,0xa,0x70,0x20,0x7b,0x20,0x6d,0x61,0x72,0x67,
  0x69,0x6e,0x2d,0x62,0x6f,0x74,0x74,0x6f,0x6d,0x3a,0x20,0x31,0x35,0x70,0x78,0x3b,
  0x7d,0xa,0x3c,0x2f,0x73,0x74,0x79,0x6c,0x65,0x3e,0xa,0x3c,0x68,0x65,0x61,0x64,
  0x3e,0xa,0x3c,0x62,0x6f,0x64,0x79,0x3e,0xa,0x3c,0x68,0x31,0x3e,0xd0,0x93,0xd0,
  0xb8,0xd0,0xbf,0xd0,0xb5,0xd1,0x80,0xd0,0xb3,0xd0,0xbb,0xd0,0xb8,0xd0,0xba,0xd0,
  0xb5,0xd0,0xbc,0xd0,0xb8,0xd1,0x8f,0x3c,0x2f,0x68,0x31,0x3e,0xa,0x3c,0x70,0x3e,
  0xd0,0x95,0xd1,0x81,0xd0,0xbb,0xd0,0xb8,0x20,0xd0,0xbf,0xd0,0xbe,0xd0,0xba,0xd0,
  0xb0,0xd0,0xb7,0xd0,0xb0,0xd1,0x82,0xd0,0xb5,0xd0,0xbb,0xd1,0x8c,0x20,0xd1,0x81,
  0xd0,0xb0,0xd1,0x85,0xd0,0xb0,0xd1,0x80,0xd0,0xb0,0x20,0xd0,0xb2,0x20,0xd0,0xba,
  0xd1,0x80,0xd0,0xbe,0xd0,0xb2,0xd0,0xb8,0x20,0xd0,0xb5,0xd0,0xb4,0xd0,0xb8,0xd0,
  0xbd,0xd0,0xbe,0xd0,0xb6,0xd0,0xb4,0xd1,0x8b,0x20,0xd0,0xbf,0xd0,0xbe,0xd0,0xb2,
  0xd1,0x8b,0xd1,0x81,0xd0,0xb8,0xd0,0xbb,0xd1,0x81,0xd1,0x8f,0x2c,0x20,0xd1,0x82,
  0xd0,0xbe,0x20,0xd0,0xb3,0xd0,0xbe,0xd0,0xb2,0xd0,0xbe,0xd1,0x80,0xd1,0x8f,0xd1,
  0x82,0x20,0xd0,0xbe,0x20,0xd0,0xbb,0xd0,0xb5,0xd0,0xb3,0xd0,0xba,0xd0,0xbe,0xd0,
  0xb9,0x20,0xd0,0xb3,0xd0,0xb8,0xd0,0xbf,0xd0,0xb5,0xd1,0x80,0xd0,0xb3,0xd0,0xbb,
  0xd0,0xb8,0xd0,0xba,0xd0,0xb5,0xd0,0xbc,0xd0,0xb8,0xd0,0xb8,0x2e,0x20,0xd0,0x95,
  0xd1,0x81,0xd0,0xbb,0xd0,0xb8,0x20,0xd1,0x83,0xd1,0x80,0xd0,0xbe,0xd0,0xb2,0xd0,
  0xb5,0xd0,0xbd,0xd1,0x8c,0x20,0xd1,0x81,0xd0,0xb0,0xd1,0x85,0xd0,0xb0,0xd1,0x80,
  0xd0,0xb0,0x20,0xd0,0xb2,0x20,0xd0,0xba,0xd1,0x80,0xd0,0xbe,0xd0,0xb2,0xd0,0xb8,
  0x20,0xd0,0xb2,0xd1,0x8b,0xd1,0x88,0xd0,0xb5,0x20,0x31,0x31,0x2c,0x31,0x20,0xd0,
  0xbc,0xd0,0xbc,0xd0,0xbe,0xd0,0xbb,0xd1,0x8c,0x2f,0xd0,0xbb,0x20,0xd0,0xb8,0x20,
  0xd0,0xb4,0xd0,0xb5,0xd1,0x80,0xd0,0xb6,0xd0,0xb8,0xd1,0x82,0xd1,0x81,0xd1,0x8f,
  0x20,0x36,0x2d,0x39,0x20,0xd1,0x87,0xd0,0xb0,0xd1,0x81,0xd0,0xbe,0xd0,0xb2,0x2c,
  0x20,0xd0,0xb0,0x20,0xd0,0xb2,0x20,0xd0,0xbc,0xd0,0xbe,0xd1,0x87,0xd0,0xb5,0x20,
  0xd0,0xbd,0xd0,0xb5,0xd1,0x82,0x20,0xd0,0xb8,0xd0,0xbb,0xd0,0xb8,0x20,0xd0,0xbe,
  0xd0,0xb4,0xd0,0xb8,0xd0,0xbd,0x20,0x2b,0x20,0xd0,0xb0,0xd1,0x86,0xd0,0xb5,0xd1,
  0x82,0xd0,0xbe,0xd0,0xbd,0xd0,0xb0,0x2c,0x20,0xd1,0x82,0xd0,0xbe,0x20,0xd0,0xb3,
  0xd0,0xbe,0xd0,0xb2,0xd0,0xbe,0xd1,0x80,0xd1,0x8f,0xd1,0x82,0x20,0xd0,0xbe,0x20,
  0xd1,0x81,0xd1,0x80,0xd0,0xb5,0xd0,0xb4,0xd0,0xbd,0xd0,0xb5,0xd0,0xb9,0x20,0xd0,
  0xb3,0xd0,0xb8,0xd0,0xbf,0xd0,0xb5,0xd1,0x80,0xd0,0xb3,0xd0,0xbb,0xd0,0xb8,0xd0,
  0xba,0xd0,0xb5,0xd0,0xbc,0xd0,0xb8,0xd0,0xb8,0x2e,0x20,0xd0,0xa3,0xd1,0x80,0xd0,
  0xbe,0xd0,0xb2,0xd0,0xb5,0xd0,0xbd,0xd1,0x8c,0x20,0xd1,0x81,0xd0,0xb0,0xd1,0x85,
  0xd0,0xb0,0xd1,0x80,0xd0,0xb0,0x20,0xd0,0xb2,0x20,0xd0,0xba,0xd1,0x80,0xd0,0xbe,
  0xd0,0xb2,0xd0,0xb8,0x20,0x31,0x33,0x2c,0x33,0x20,0xd0,0xbc,0xd0,0xbc,0xd0,0xbe,
  0xd0,0xbb,0xd1,0x8c,0x2f,0xd0,0xbb,0x20,0xd0,0xb8,0x20,0xd0,0xb2,0xd1,0x8b,0xd1,
  0x88,0xd0,0xb5,0x2c,0x20,0xd0,0xb0,0x20,0xd0,0xb2,0x20,0xd0,0xbc,0xd0,0xbe,0xd1,
  0x87,0xd0,0xb5,0x20,0xd0,0xb0,0xd1,0x86,0xd0,0xb5,0xd1,0x82,0xd0,0xbe,0xd0,0xbd,
  0x2c,0x20,0xd1,0x82,0xd0,0xbe,0x20,0xd1,0x8d,0xd1,0x82,0xd0,0xbe,0x20,0xd1,0x82,
  0xd1,0x8f,0xd0,0xb6,0xd0,0xb5,0xd0,0xbb,0xd0,0xb0,0xd1,0x8f,0x20,0xd0,0xb3,0xd0,
  0xb8,0xd0,0xbf,0xd0,0xb5,0xd1,0x80,0xd0,0xb3,0xd0,0xbb,0xd0,0xb8,0xd0,0xba,0xd0,
  0xb5,0xd0,0xbc,0xd0,0xb8,0xd1,0x8f,0x2e,0x20,0xd0,0x9f,0xd1,0x80,0xd0,0xb8,0xd1,
  0x87,0xd0,0xb8,0xd0,0xbd,0xd0,0xb0,0xd0,0xbc,0xd0,0xb8,0x20,0xd0,0xb3,0xd0,0xb8,
  0xd0,0xbf,0xd0,0xb5,0xd1,0x80,0xd0,0xb3,0xd0,0xbb,0xd0,0xb8,0xd0,0xba,0xd0,0xb5,
  0xd0,0xbc,0xd0,0xb8,0xd0,0xb8,0x20,0xd0,0xbc,0xd0,0xbe,0xd0,0xb3,0xd1,0x83,0xd1,
  0x82,0x20,0xd0,0xb1,0xd1,0x8b,0xd1,0x82,0xd1,0x8c,0x3a,0x3c,0x2f,0x70,0x3e,0xa,
  0x3c,0x75,0x6c,0x3e,0xa,0x3c,0x6c,0x69,0x3e,0xd0,0xbd,0xd0,0xb0,0xd1,0x80,0xd1,
  0x83,0xd1,0x88,0xd0,0xb5,0xd0,0xbd,0xd0,0xb8,0xd0,0xb5,0x20,0xd0,0xbf,0xd0,0xb8,
  0xd1,0x82,0xd0,0xb0,0xd0,0xbd,0xd0,0xb8,0xd1,0x8f,0x20,0x28,0xd1,0x83,0xd0,0xbf,
  0xd0,0xbe,0xd1,0x82,0xd1,0x80,0xd0,0xb5,0xd0,0xb1,0xd0,0xbb,0xd0,0xb5,0xd0,0xbd,
  0xd0,0xbe,0x20,0xd0,0xbc,0xd0,0xbd,0xd0,0xbe,0xd0,0xb3,0xd0,0xbe,0x20,0xd1,0x83,
  0xd0,0xb3,0xd0,0xbb,0xd0,0xb5,0xd0,0xb2,0xd0,0xbe,0xd0,0xb4,0xd0,0xbe,0xd0,0xb2,
  0x29,0x3b,0x3c,0x2f,0x6c,0x69,0x3e,0xa,0x3c,0x6c,0x69,0x3e,0xd0,0xb1,0xd0,0xbe,
  0xd0,0xbb,0xd0,0xb5,0xd0,0xb7,0xd0,0xbd,0xd1,0x8c,0x20,0x28,0xd0,0xb8,0xd0,0xbd,
  0xd1,0x84,0xd0,0xb5,0xd0,0xba,0xd1,0x86,0xd0,0xb8,0xd1,0x8f,0x2c,0x20,0xd0,0xb2,
  0xd1,0x8b,0xd1,0x81,0xd0,0xbe,0xd0,0xba,0xd0,0xb0,0xd1,0x8f,0x20,0xd1,0x82,0xd0,
  0xb5,0xd0,0xbc,0xd0,0xbf,0xd0,0xb5,0xd1,0x80,0xd0,0xb0,0xd1,0x82,0xd1,0x83,0xd1,
  0x80,0xd0,0xb0,0x20,0xd1,0x82,0xd0,0xb5,0xd0,0xbb,0xd0,0xb0,0x29,0x3b,0x3c,0x2f,
  0x6c,0x69,0x3e,0xa,0x3c,0x6c,0x69,0x3e,0xd0,0xbd,0xd0,0xb5,0xd0,0xb4,0xd0,0xbe,
  0xd1,0x81,0xd1,0x82,0xd0,0xb0,0xd1,0x82,0xd0,0xbe,0xd0,0xba,0x20,0xd0,0xb8,0xd0,
  0xbd,0xd1,0x81,0xd1,0x83,0xd0,0xbb,0xd0,0xb8,0xd0,0xbd,0xd0,0xb0,0x3b,0x3c,0x2f,
  0x6c,0x69,0x3e,0xa,0x3c,0x6c,0x69,0x3e,0xd0,0xb4,0xd0,0xb5,0xd1,0x84,0xd0,0xb5,
  0xd0,0xba,0xd1,0x82,0x20,0xd1,0x88,0xd0,0xbf,0xd1,0x80,0xd0,0xb8,0xd1,0x86,0x2d,
  0xd1,0x80,0xd1,0x83,0xd1,0x87,0xd0,0xba,0xd0,0xb8,0x3b,0x3c,0x2f,0x6c,0x69,0x3e,
  0xa,0x3c,0x6c,0x69,0x3e,0xd1,0x81,0xd0,0xbf,0xd0,0xbe,0xd1,0x80,0xd1,0x82,0xd0,
  0xb8,0xd0,0xb2,0xd0,0xbd,0xd0,0xb0,0xd1,0x8f,0x20,0xd0,0xb8,0xd0,0xbb,0xd0,0xb8,
  0x20,0xd0,0xb4,0xd1,0x80,0xd1,0x83,0xd0,0xb3,0xd0,0xb0,0xd1,0x8f,0x20,0xd0,0xb4,
  0xd0,0xbb,0xd0,0xb8,0xd1,0x82,0xd0,0xb5,0xd0,0xbb,0xd1,0x8c,0xd0,0xbd,0xd0,0xb0,
  0xd1,0x8f,0x20,0xd1,0x84,0xd0,0xb8,0xd0,0xb7,0xd0,0xb8,0xd1,0x87,0xd0,0xb5,0xd1,
  0x81,0xd0,0xba,0xd0,0xb0,0xd1,0x8f,0x20,0xd0,0xb0,0xd0,0xba,0xd1,0x82,0xd0,0xb8,
  0xd0,0xb2,0xd0,0xbd,0xd0,0xbe,0xd1,0x81,0xd1,0x82,0xd1,0x8c,0x3b,0x3c,0x2f,0x6c,
  0x69,0x3e,0xa,0x3c,0x6c,0x69,0x3e,0xd0,0xbf,0xd1,0x80,0xd0,0xb8,0xd1,0x91,0xd0,
  0xbc,0x20,0xd0,0xbd,0xd0,0xb5,0xd0,0xba,0xd0,0xbe,0xd1,0x82,0xd0,0xbe,0xd1,0x80,
  0xd1,0x8b,0xd1,0x85,0x20,0xd0,0xbb,0xd0,0xb5,0xd0,0xba,0xd0,0xb0,0xd1,0x80,0xd1,
  0x81,0xd1,0x82,0xd0,0xb2,0x3b,0x20,0x3c,0x2f,0x6c,0x69,0x3e,0xa,0x3c,0x2f,0x75,
  0x6c,0x3e,0xa,0x3c,0x70,0x3e,0xd0,0x9f,0xd1,0x80,0xd0,0xb8,0xd0,0xb7,0xd0,0xbd,
  0xd0,0xb0,0xd0,0xba,0xd0,0xb8,0x20,0xd0,0xb3,0xd0,0xb8,0xd0,0xbf,0xd0,0xb5,0xd1,
  0x80,0xd0,0xb3,0xd0,0xbb,0xd0,0xb8,0xd0,0xba,0xd0,0xb5,0xd0,0xbc,0xd0,0xb8,0xd0,
  0xb8,0x3a,0x3c,0x2f,0x70,0x3e,0xa,0x3c,0x75,0x6c,0x3e,0xa,0x3c,0x6c,0x69,0x3e,
  0xd1,0x87,0xd0,0xb0,0xd1,0x81,0xd1,0x82,0xd0,0xbe,0xd0,0xb5,0x20,0xd0,0xbc,0xd0,
  0xbe,0xd1,0x87,0xd0,0xb5,0xd0,0xb8,0xd1,0x81,0xd0,0xbf,0xd1,0x83,0xd1,0x81,0xd0,
  0xba,0xd0,0xb0,0xd0,0xbd,0xd0,0xb8,0xd0,0xb5,0x3b,0x3c,0x2f,0x6c,0x69,0x3e,0xa,
  0x3c,0x6c,0x69,0x3e,0xd1,0x81,0xd0,0xb8,0xd0,0xbb,0xd1,0x8c,0xd0,0xbd,0xd0,0xb0,
  0xd1,0x8f,0x20,0xd0,0xb6,0xd0,0xb0,0xd0,0xb6,0xd0,0xb4,0xd0,0xb0,0x3b,0x3c,0x2f,
  0x6c,0x69,0x3e,0xa,0x3c,0x6c,0x69,0x3e,0xd0,0xbf,0xd0,0xbe,0xd1,0x82,0xd0,0xb5,
  0xd1,0x80,0xd1,0x8f,0x20,0xd0,0xb2,0x20,0xd0,0xb2,0xd0,0xb5,0xd1,0x81,0xd0,0xb5,
  0x3b,0x3c,0x2f,0x6c,0x69,0x3e,0xa,0x3c,0x6c,0x69,0x3e,0xd1,0x81,0xd0,0xbb,0xd0,
  0xb0,0xd0,0xb1,0xd0,0xbe,0xd1,0x81,0xd1,0x82,0xd1,0x8c,0x3b,0x3c,0x2f,0x6c,0x69,
  0x3e,0xa,0x3c,0x6c,0x69,0x3e,0xd1,0x81,0xd1,0x83,0xd1,0x85,0xd0,0xbe,0xd1,0x81,
  0xd1,0x82,0xd1,0x8c,0x20,0xd0,0xb2,0xd0,0xbe,0x20,0xd1,0x80,0xd1,0x82,0xd1,0x83,
  0x3b,0x3c,0x2f,0x6c,0x69,0x3e,0xa,0x3c,0x6c,0x69,0x3e,0xd0,0xb7,0xd1,0x83,0xd0,
  0xb4,0x3b,0x3c,0x2f,0x6c,0x69,0x3e,0xa,0x3c,0x2f,0x75,0x6c,0x3e,0xa,0x3c,0x70,
  0x3e,0xd0,0x9a,0xd0,0xb0,0xd0,0xba,0x20,0xd0,0xbb,0xd0,0xb8,0xd0,0xba,0xd0,0xb2,
  0xd0,0xb8,0xd0,0xb4,0xd0,0xb8,0xd1,0x80,0xd0,0xbe,0xd0,0xb2,0xd0,0xb0,0xd1,0x82,
  0xd1,0x8c,0x20,0xd0,0xb3,0xd0,0xb8,0xd0,0xbf,0xd0,0xb5,0xd1,0x80,0xd0,0xb3,0xd0,
  0xbb,0xd0,0xb8,0xd0,0xba,0xd0,0xb5,0xd0,0xbc,0xd0,0xb8,0xd1,0x8e,0x3f,0x3c,0x2f,
  0x70,0x3e,0xa,0x3c,0x70,0x3e,0x31,0x29,0x20,0xd0,0xbb,0xd0,0xb5,0xd0,0xb3,0xd0,
  0xba,0xd0,0xb0,0xd1,0x8f,0x20,0xd0,0xb3,0xd0,0xb8,0xd0,0xbf,0xd0,0xb5,0xd1,0x80,
  0xd0,0xb3,0xd0,0xbb,0xd0,0xb8,0xd0,0xba,0xd0,0xb5,0xd0,0xbc,0xd0,0xb8,0xd1,0x8f,
  0x3c,0x2f,0x70,0x3e,0xa,0x3c,0x70,0x3e,0xd0,0x9f,0xd1,0x80,0xd0,0xb8,0x20,0xd0,
  0xb5,0xd0,0xb4,0xd0,0xb8,0xd0,0xbd,0xd0,0xb8,0xd1,0x87,0xd0,0xbd,0xd0,0xbe,0xd0,
  0xbc,0x20,0xd0,0xbf,0xd0,0xbe,0xd0,0xb2,0xd1,0x8b,0xd1,0x88,0xd0,0xb5,0xd0,0xbd,
  0xd0,0xb8,0xd0,0xb8,0x20,0xd1,0x83,0xd1,0x80,0xd0,0xbe,0xd0,0xb2,0xd0,0xbd,0xd1,
  0x8f,0x20,0xd1,0x81,0xd0,0xb0,0xd1,0x85,0xd0,0xb0,0xd1,0x80,0xd0,0xb0,0x20,0xd0,
  0xb2,0x20,0xd0,0xba,0xd1,0x80,0xd0,0xbe,0xd0,0xb2,0xd0,0xb8,0x20,0xd0,0xb2,0xd1,
  0x8b,0x20,0xd0,0xb2,0xd0,0xb2,0xd0,0xbe,0xd0,0xb4,0xd0,0xb8,0xd1,0x82,0xd0,0xb5,
  0x20,0xd0,0xb4,0xd0,0xbe,0xd0,0xbf,0xd0,0xbe,0xd0,0xbb,0xd0,0xbd,0xd0,0xb8,0xd1,
  0x82,0xd0,0xb5,0xd0,0xbb,0xd1,0x8c,0xd0,0xbd,0xd0,0xbe,0x20,0xd0,0xb8,0xd0,0xbd,
  0xd1,0x81,0xd1,0x83,0xd0,0xbb,0xd0,0xb8,0xd0,0xbd,0x20,0xd0,0xba,0xd0,0xbe,0xd1,
  0x80,0xd0,0xbe,0xd1,0x82,0xd0,0xba,0xd0,0xbe,0xd0,0xb3,0xd0,0xbe,0x20,0xd0,0xb4,
  0xd0,0xb5,0xd0,0xb9,0xd1,0x81,0xd1,0x82,0xd0,0xb2,0xd0,0xb8,0xd1,0x8f,0x2c,0x20,
  0xd0,0xbf,0xd0,0xbe,0xd0,0xbb,0xd1,0x8c,0xd0,0xb7,0xd1,0x83,0xd1,0x8f,0xd1,0x81,
  0xd1,0x8c,0x20,0xd0,0xbf,0xd1,0x80,0xd0,0xb0,0xd0,0xb2,0xd0,0xb8,0xd0,0xbb,0xd0,
  0xbe,0xd0,0xbc,0x20,0xd0,0xba,0xd0,0xbe,0xd1,0x80,0xd1,0x80,0xd0,0xb5,0xd0,0xba,
  0xd1,0x82,0xd0,0xb8,0xd1,0x80,0xd0,0xbe,0xd0,0xb2,0xd0,0xba,0xd0,0xb8,0x20,0xd0,
  0xb8,0xd0,0xbb,0xd0,0xb8,0x20,0xd1,0x82,0xd0,0xb0,0xd0,0xb1,0xd0,0xbb,0xd0,0xb8,
  0xd1,0x86,0xd0,0xb0,0xd0,0xbc,0xd0,0xb8,0x20,0xd0,0xba,0xd0,0xbe,0xd1,0x80,0xd1,
  0x80,0xd0,0xb5,0xd0,0xba,0xd1,0x82,0xd0,0xb8,0xd1,0x80,0xd0,0xbe,0xd0,0xb2,0xd0,
  0xba,0xd0,0xb8,0x2e,0x3c,0x2f,0x70,0x3e,0xa,0x3c,0x70,0x3e,0x32,0x29,0x20,0xd1,
  0x81,0xd1,0x80,0xd0,0xb5,0xd0,0xb4,0xd0,0xbd,0xd1,0x8f,0xd1,0x8f,0x20,0xd0,0xb3,
  0xd0,0xb8,0xd0,0xbf,0xd0,0xb5,0xd1,0x80,0xd0,0xb3,0xd0,0xbb,0xd0,0xb8,0xd0,0xba,
  0xd0,0xb5,0xd0,0xbc,0xd0,0xb8,0xd1,0x8f,0x3c,0x2f,0x70,0x3e,0xa,0x3c,0x70,0x3e,
  0xd0,0x94,0xd0,0xb5,0xd0,0xb9,0xd1,0x81,0xd1,0x82,0xd0,0xb2,0xd0,0xbe,0xd0,0xb2,
  0xd0,0xb0,0xd1,0x82,0xd1,0x8c,0x20,0xd1,0x82,0xd0,0xb0,0xd0,0xba,0x20,0xd0,0xb6,
  0xd0,0xb5,0x2c,0x20,0xd0,0xba,0xd0,0xb0,0xd0,0xba,0x20,0xd0,0xb8,0x20,0xd0,0xbf,
  0xd1,0x80,0xd0,0xb8,0x20,0xd0,0xbb,0xd0,0xb5,0xd0,0xb3,0xd0,0xba,0xd0,0xbe,0xd0,
  0xb9,0x20,0xd0,0xb3,0xd0,0xb8,0xd0,0xbf,0xd0,0xb5,0xd1,0x80,0xd0,0xb3,0xd0,0xbb,
  0xd0,0xb8,0xd0,0xba,0xd0,0xb5,0xd0,0xbc,0xd0,0xb8,0xd0,0xb8,0x2c,0x20,0xd0,0xbd,
  0xd0,0xbe,0x20,0xd0,0xbe,0xd0,0xb1,0xd1,0x8f,0xd0,0xb7,0xd0,0xb0,0xd1,0x82,0xd0,
  0xb5,0xd0,0xbb,0xd1,0x8c,0xd0,0xbd,0xd0,0xbe,0x2c,0x20,0xd0,0xbf,0xd1,0x80,0xd0,
  0xbe,0xd0,0xb2,0xd0,0xb5,0xd1,0x80,0xd0,0xb8,0xd1,0x82,0xd1,0x8c,0x20,0xd1,0x83,
  0xd1,0x80,0xd0,0xbe,0xd0,0xb2,0xd0,0xb5,0xd0,0xbd,0xd1,0x8c,0x20,0xd1,0x81,0xd0,
  0xb0,0xd1,0x85,0xd0,0xb0,0xd1,0x80,0xd0,0xb0,0x20,0xd0,0xb2,0x20,0xd0,0xba,0xd1,
  0x80,0xd0,0xbe,0xd0,0xb2,0xd0,0xb8,0x20,0xd1,0x87,0xd0,0xb5,0xd1,0x80,0xd0,0xb5,
  0xd0,0xb7,0x20,0x32,0x2d,0x33,0x20,0xd1,0x87,0xd0,0xb0,0xd1,0x81,0xd0,0xb0,0x2e,
  0x20,0xd0,0x95,0xd1,0x81,0xd0,0xbb,0xd0,0xb8,0x20,0xd0,0xbe,0xd0,0xbd,0x20,0xd0,
  0xbd,0xd0,0xb5,0x20,0xd0,0xbf,0xd1,0x80,0xd0,0xb8,0xd1,0x88,0xd1,0x91,0xd0,0xbb,
  0x20,0xd0,0xb2,0x20,0xd0,0xbd,0xd0,0xbe,0xd1,0x80,0xd0,0xbc,0xd1,0x83,0x2c,0x20,
  0xd1,0x82,0xd0,0xbe,0x20,0xd0,0xbf,0xd1,0x80,0xd0,0xb8,0xd0,0xbc,0xd0,0xb5,0xd0,
  0xbd,0xd0,0xb8,0xd1,0x82,0xd1,0x8c,0x20,0xd0,0xbf,0xd1,0x80,0xd0,0xb0,0xd0,0xb2,
  0xd0,0xb8,0xd0,0xbb,0xd0,0xbe,0x20,0xd0,0xba,0xd0,0xbe,0xd1,0x80,0xd1,0x80,0xd0,
  0xb5,0xd0,0xba,0xd1,0x82,0xd0,0xb8,0xd1,0x80,0xd0,0xbe,0xd0,0xb2,0xd0,0xba,0xd0,
  0xb8,0x20,0xd0,0xb5,0xd1,0x89,0xd1,0x91,0x20,0xd1,0x80,0xd0,0xb0,0xd0,0xb7,0x2e,
  0x3c,0x2f,0x70,0x3e,0xa,0x3c,0x70,0x3e,0x33,0x29,0x20,0xd1,0x82,0xd1,0x8f,0xd0,
  0xb6,0xd0,0xb5,0xd0,0xbb,0xd0,0xb0,0xd1,0x8f,0x20,0xd0,0xb3,0xd0,0xb8,0xd0,0xbf,
  0xd0,0xb5,0xd1,0x80,0xd0,0xb3,0xd0,0xbb,0xd0,0xb8,0xd0,0xba,0xd0,0xb5,0xd0,0xbc,
  0xd0,0xb8,0xd1,0x8f,0x3c,0x2f,0x70,0x3e,0xa,0x3c,0x70,0x3e,0xd0,0x98,0xd0,0xbd,
  0xd1,0x81,0xd1,0x83,0xd0,0xbb,0xd0,0xb8,0xd0,0xbd,0xd0,0xb0,0x20,0xd0,0xbd,0xd0,
  0xb5,0xd0,0xb4,0xd0,0xbe,0xd1,0x81,0xd1,0x82,0xd0,0xb0,0xd1,0x82,0xd0,0xbe,0xd1,
  0x87,0xd0,0xbd,0xd0,0xbe,0x2c,0x20,0xd0,0xb3,0xd0,0xbb,0xd1,0x8e,0xd0,0xba,0xd0,
  0xbe,0xd0,0xb7,0xd0,0xb0,0x20,0xd0,0xbd,0xd0,0xb5,0x20,0xd0,0xbf,0xd0,0xbe,0xd0,
  0xbf,0xd0,0xb0,0xd0,0xb4,0xd0,0xb0,0xd0,0xb5,0xd1,0x82,0x20,0xd0,0xb2,0x20,0xd0,
  0xba,0xd0,0xbb,0xd0,0xb5,0xd1,0x82,0xd0,0xba,0xd1,0x83,0x2e,0x20,0xd0,0xa1,0xd0,
  0xb0,0xd1,0x85,0xd0,0xb0,0xd1,0x80,0x20,0xd0,0xba,0xd1,0x80,0xd0,0xbe,0xd0,0xb2,
  0xd0,0xb8,0x20,0xd1,0x80,0xd0,0xb0,0xd1,0x81,0xd1,0x82,0xd1,0x91,0xd1,0x82,0x2c,
  0x20,0xd0,0xb0,0x20,0xd0,0xba,0xd0,0xbb,0xd0,0xb5,0xd1,0x82,0xd0,0xba,0xd0,0xb8,
  0x20,0xd0,0xb2,0xd1,0x8b,0xd0,0xbd,0xd1,0x83,0xd0,0xb6,0xd0,0xb4,0xd0,0xb5,0xd0,
  0xbd,0xd1,0x8b,0x20,0xd0,0xb2,0xd0,0xbe,0xd1,0x81,0xd0,0xbf,0xd0,0xbe,0xd0,0xbb,
  0xd0,0xbd,0xd1,0x8f,0xd1,0x82,0xd1,0x8c,0x20,0xd1,0x8d,0xd0,0xbd,0xd0,0xb5,0xd1,
  0x80,0xd0,0xb3,0xd0,0xb8,0xd1,0x8e,0x20,0xd0,0xb8,0xd0,0xb7,0x20,0xd0,0xb6,0xd0,
  0xb8,0xd1,0x80,0xd0,0xbe,0xd0,0xb2,0xd1,0x8b,0xd1,0x85,0x20,0xd0,0xb7,0xd0,0xb0,
  0xd0,0xbf,0xd0,0xb0,0xd1,0x81,0xd0,0xbe,0xd0,0xb2,0x2e,0x20,0xd0,0x9f,0xd1,0x80,
  0xd0,0xb8,0x20,0xd1,0x8d,0xd1,0x82,0xd0,0xbe,0xd0,0xbc,0x20,0xd0,0xbf,0xd1,0x80,
  0xd0,0xb8,0x20,0xd1,0x80,0xd0,0xb0,0xd1,0x81,0xd1,0x89,0xd0,0xb5,0xd0,0xbf,0xd0,
  0xbb,0xd0,0xb5,0xd0,0xbd,0xd0,0xb8,0xd0,0xb8,0x20,0xd0,0xb6,0xd0,0xb8,0xd1,0x80,
  0xd0,0xbe,0xd0,0xb2,0x20,0xd0,0xb2,0x20,0xd0,0xbe,0xd1,0x80,0xd0,0xb3,0xd0,0xb0,
  0xd0,0xbd,0xd0,0xb8,0xd0,0xb7,0xd0,0xbc,0xd0,0xb5,0x20,0xd0,0xbe,0xd0,0xb1,0xd1,
  0x80,0xd0,0xb0,0xd0,0xb7,0xd1,0x83,0xd1,0x8e,0xd1,0x82,0xd1,0x81,0xd1,0x8f,0x20,
  0xd0,0xb2,0xd1,0x80,0xd0,0xb5,0xd0,0xb4,0xd0,0xbd,0xd1,0x8b,0xd0,0xb5,0x20,0xd0,
  0xb2,0xd0,0xb5,0xd1,0x89,0xd0,0xb5,0xd1,0x81,0xd1,0x82,0xd0,0xb2,0xd0,0xb0,0x2c,
  0x20,0xd0,0xb2,0x20,0xd1,0x87,0xd0,0xb0,0xd1,0x81,0xd1,0x82,0xd0,0xbd,0xd0,0xbe,
  0xd1,0x81,0xd1,0x82,0xd0,0xb8,0x20,0xd0,0xb0,0xd1,0x86,0xd0,0xb5,0xd1,0x82,0xd0,
  0xbe,0xd0,0xbd,0x2e,0x20,0xd0,0x9f,0xd1,0x80,0xd0,0xb8,0x20,0xd0,0xbd,0xd0,0xb5,
  0xd1,0x81,0xd0,0xb2,0xd0,0xbe,0xd0,0xb5,0xd0,0xb2,0xd1,0x80,0xd0,0xb5,0xd0,0xbc,
  0xd0,0xb5,0xd0,0xbd,0xd0,0xbd,0xd0,0xbe,0xd0,0xb9,0x20,0xd1,0x80,0xd0,0xb5,0xd0,
  0xb0,0xd0,0xba,0xd1,0x86,0xd0,0xb8,0xd0,0xb8,0x20,0xd0,0xbd,0xd0,0xb0,0x20,0xd0,
  0xb0,0xd1,0x86,0xd0,0xb5,0xd1,0x82,0xd0,0xbe,0xd0,0xbd,0x20,0xd0,0xbc,0xd0,0xbe,
  0xd0,0xb6,0xd0,0xb5,0xd1,0x82,0x20,0xd1,0x80,0xd0,0xb0,0xd0,0xb7,0xd0,0xb2,0xd0,
  0xb8,0xd0,0xb2,0xd0,0xb0,0xd1,0x82,0xd1,0x8c,0xd1,0x81,0xd1,0x8f,0x20,0xd0,0xb3,
  0xd0,0xb8,0xd0,0xbf,0xd0,0xb5,0xd1,0x80,0xd0,0xb3,0xd0,0xbb,0xd0,0xb8,0xd0,0xba,
  0xd0,0xb5,0xd0,0xbc,0xd0,0xb8,0xd1,0x87,0xd0,0xb5,0xd1,0x81,0xd0,0xba,0xd0,0xb0,
  0xd1,0x8f,0x20,0xd0,0xba,0xd0,0xbe,0xd0,0xbc,0xd0,0xb0,0x2c,0x20,0xd0,0xba,0xd0,
  0xbe,0xd1,0x82,0xd0,0xbe,0xd1,0x80,0xd0,0xb0,0xd1,0x8f,0x20,0xd0,0xbe,0xd0,0xbf,
  0xd0,0xb0,0xd1,0x81,0xd0,0xbd,0xd0,0xb0,0x20,0xd0,0xb4,0xd0,0xbb,0xd1,0x8f,0x20,
  0xd0,0xb6,0xd0,0xb8,0xd0,0xb7,0xd0,0xbd,0xd0,0xb8,0x2e,0x20,0x3c,0x2f,0x70,0x3e,
  0xa,0xa,0x3c,0x2f,0x62,0x6f,0x64,0x79,0x3e,0xa,0x3c,0x2f,0x68,0x74,0x6d,0x6c,
  0x3e,0xa,0xa,
    // TextSport.html
  0x0,0x0,0xc,0x7f,
  0x20,
  0x20,0x3c,0x21,0x44,0x4f,0x43,0x54,0x59,0x50,0x45,0x20,0x68,0x74,0x6d,0x6c,0x3e,
  0xa,0x20,0x20,0x3c,0x68,0x74,0x6d,0x6c,0x3e,0xa,0x20,0x20,0x3c,0x68,0x65,0x61,
  0x64,0x3e,0xa,0x20,0x20,0x3c,0x6d,0x65,0x74,0x61,0x20,0x63,0x68,0x61,0x72,0x73,
  0x65,0x74,0x3d,0x22,0x55,0x54,0x46,0x2d,0x38,0x22,0x3e,0xa,0x20,0x20,0x3c,0x73,
  0x74,0x79,0x6c,0x65,0x3e,0xa,0x20,0x20,0x62,0x6f,0x64,0x79,0x20,0x7b,0xa,0x20,
  0x20,0x66,0x6f,0x6e,0x74,0x2d,0x66,0x61,0x6d,0x69,0x6c,0x79,0x3a,0x20,0x22,0x53,
  0x65,0x67,0x6f,0x65,0x20,0x55,0x49,0x22,0x2c,0x20,0x73,0x61,0x6e,0x73,0x2d,0x73,
  0x65,0x72,0x69,0x66,0x3b,0xa,0x20,0x20,0x66,0x6f,0x6e,0x74,0x2d,0x73,0x69,0x7a,
  0x65,0x3a,0x20,0x31,0x36,0x70,0x78,0x3b,0xa,0x20,0x20,0x63,0x6f,0x6c,0x6f,0x72,
  0x3a,0x20,0x23,0x33,0x33,0x33,0x3b,0xa,0x20,0x20,0x6c,0x69,0x6e,0x65,0x2d,0x68,
  0x65,0x69,0x67,0x68,0x74,0x3a,0x20,0x31,0x2e,0x36,0x3b,0xa,0x20,0x20,0x6d,0x61,
  0x72,0x67,0x69,0x6e,0x3a,0x20,0x32,0x30,0x70,0x78,0x3b,0xa,0x20,0x20,0x7d,0xa,
  0x20,0x20,0x70,0x20,0x7b,0x20,0x6d,0x61,0x72,0x67,0x69,0x6e,0x2d,0x62,0x6f,0x74,
  0x74,0x6f,0x6d,0x3a,0x20,0x31,0x35,0x70,0x78,0x3b,0x7d,0xa,0x20,0x20,0x3c,0x2f,
  0x73,0x74,0x79,0x6c,0x65,0x3e,0xa,0x20,0x20,0x3c,0x68,0x65,0x61,0x64,0x3e,0xa,
  0x20,0x20,0x3c,0x62,0x6f,0x64,0x79,0x3e,0xa,0x20,0x20,0x3c,0x68,0x31,0x3e,0xd0,
  0x94,0xd0,0xb8,0xd0,0xb0,0xd0,0xb1,0xd0,0xb5,0xd1,0x82,0x20,0xd0,0xb8,0x20,0xd1,
  0x81,0xd0,0xbf,0xd0,0xbe,0xd1,0x80,0xd1,0x82,0x3c,0x2f,0x68,0x31,0x3e,0xa,0x20,
  0x20,0x3c,0x70,0x3e,0xd0,0xa4,0xd0,0xb8,0xd0,0xb7,0xd0,0xb8,0xd1,0x87,0xd0,0xb5,
  0xd1,0x81,0xd0,0xba,0xd0,0xb8,0xd0,0xb5,0x20,0xd1,0x83,0xd0,0xbf,0xd1,0x80,0xd0,
  0xb0,0xd0,0xb6,0xd0,0xbd,0xd0,0xb5,0xd0,0xbd,0xd0,0xb8,0xd1,0x8f,0x20,0xd1,0x81,
  0xd0,0xbd,0xd0,0xb8,0xd0,0xb6,0xd0,0xb0,0xd1,0x8e,0xd1,0x82,0x20,0xd1,0x83,0xd1,
  0x80,0xd0,0xbe,0xd0,0xb2,0xd0,0xb5,0xd0,0xbd,0xd1,0x8c,0x20,0xd0,0xb3,0xd0,0xbb,
  0xd1,0x8e,0xd0,0xba,0xd0,0xbe,0xd0,0xb7,0xd1,0x8b,0x20,0xd0,0xb2,0x20,0xd0,0xba,
  0xd1,0x80,0xd0,0xbe,0xd0,0xb2,0xd0,0xb8,0x20,0xd0,0xb7,0xd0,0xb0,0x20,0xd1,0x81,
  0xd1,0x87,0xd0,0xb5,0xd1,0x82,0x20,0xd0,0xbf,0xd0,0xbe,0xd0,0xb2,0xd1,0x8b,0xd1,
  0x88,0xd0,0xb5,0xd0,0xbd,0xd0,0xb8,0xd1,0x8f,0x20,0xd0,0xb5,0xd1,0x91,0x20,0xd0,
  0xbf,0xd0,0xbe,0xd1,0x82,0xd1,0x80,0xd0,0xb5,0xd0,0xb1,0xd0,0xbb,0xd0,0xb5,0xd0,
  0xbd,0xd0,0xb8,0xd1,0x8f,0x20,0xd0,0xba,0xd0,0xbb,0xd0,0xb5,0xd1,0x82,0xd0,0xba,
  0xd0,0xb0,0xd0,0xbc,0xd0,0xb8,0x20,0xd0,0xbc,0xd1,0x8b,0xd1,0x88,0xd1,0x86,0x20,
  0x28,0xd0,0xbf,0xd0,0xbe,0xd0,0xb2,0xd1,0x8b,0xd1,0x88,0xd0,0xb0,0xd0,0xb5,0xd1,
  0x82,0xd1,0x81,0xd1,0x8f,0x20,0xd1,0x87,0xd1,0x83,0xd0,0xb2,0xd1,0x81,0xd1,0x82,
  0xd0,0xb2,0xd0,0xb8,0xd1,0x82,0xd0,0xb5,0xd0,0xbb,0xd1,0x8c,0xd0,0xbd,0xd0,0xbe,
  0xd1,0x81,0xd1,0x82,0xd1,0x8c,0x20,0xd0,0xba,0xd0,0xbb,0xd0,0xb5,0xd1,0x82,0xd0,
  0xbe,0xd0,0xba,0x20,0xd0,0xba,0x20,0xd0,0xb8,0xd0,0xbd,0xd1,0x81,0xd1,0x83,0xd0,
  0xbb,0xd0,0xb8,0xd0,0xbd,0xd1,0x83,0x29,0x2e,0x20,0xd0,0x9f,0xd1,0x80,0xd0,0xb8,
  0x20,0xd0,0xb4,0xd0,0xbe,0xd1,0x81,0xd1,0x82,0xd0,0xb0,0xd1,0x82,0xd0,0xbe,0xd1,
  0x87,0xd0,0xbd,0xd0,0xbe,0xd0,0xbc,0x20,0xd1,0x83,0xd1,0x80,0xd0,0xbe,0xd0,0xb2,
  0xd0,0xbd,0xd0,0xb5,0x20,0xd0,0xb8,0xd0,0xbd,0xd1,0x81,0xd1,0x83,0xd0,0xbb,0xd0,
  0xb8,0xd0,0xbd,0xd0,0xb0,0x20,0xd0,0xb2,0x20,0xd0,0xba,0xd1,0x80,0xd0,0xbe,0xd0,
  0xb2,0xd0,0xb8,0x20,0xd0,0xbc,0xd0,0xbe,0xd0,0xb6,0xd0,0xb5,0xd1,0x82,0x20,0xd1,
  0x83,0xd0,0xb2,0xd0,0xb5,0xd0,0xbb,0xd0,0xb8,0xd1,0x87,0xd0,0xb8,0xd1,0x82,0xd1,
  0x8c,0xd1,0x81,0xd1,0x8f,0x20,0xd1,0x80,0xd0,0xb8,0xd1,0x81,0xd0,0xba,0x20,0xd0,
  0xb3,0xd0,0xb8,0xd0,0xbf,0xd0,0xbe,0xd0,0xb3,0xd0,0xbb,0xd0,0xb8,0xd0,0xba,0xd0,
  0xb5,0xd0,0xbc,0xd0,0xb8,0xd0,0xb8,0x2e,0x20,0xd0,0x95,0xd1,0x81,0xd0,0xbb,0xd0,
  0xb8,0x20,0xd0,0xb6,0xd0,0xb5,0x20,0xd0,0xb8,0xd0,0xbd,0xd1,0x81,0xd1,0x83,0xd0,
  0xbb,0xd0,0xb8,0xd0,0xbd,0xd0,0xb0,0x20,0xd0,0xbd,0xd0,0xb5,0x20,0xd1,0x85,0xd0,
  0xb2,0xd0,0xb0,0xd1,0x82,0xd0,0xb0,0xd0,0xb5,0xd1,0x82,0x2c,0x20,0xd0,0xbf,0xd0,
  0xbe,0xd1,0x81,0xd0,0xbb,0xd0,0xb5,0x20,0xd1,0x84,0xd0,0xb8,0xd0,0xb7,0xd0,0xb8,
  0xd1,0x87,0xd0,0xb5,0xd1,0x81,0xd0,0xba,0xd0,0xb8,0xd1,0x85,0x20,0xd1,0x83,0xd0,
  0xbf,0xd1,0x80,0xd0,0xb0,0xd0,0xb6,0xd0,0xbd,0xd0,0xb5,0xd0,0xbd,0xd0,0xb8,0xd0,
  0xb9,0x20,0xd1,0x81,0xd0,0xb0,0xd1,0x85,0xd0,0xb0,0xd1,0x80,0x20,0xd0,0xb2,0x20,
  0xd0,0xba,0xd1,0x80,0xd0,0xbe,0xd0,0xb2,0xd0,0xb8,0x20,0xd0,0xbc,0xd0,0xbe,0xd0,
  0xb6,0xd0,0xb5,0xd1,0x82,0x20,0xd0,0xb4,0xd0,0xb0,0xd0,0xb6,0xd0,0xb5,0x20,0xd0,
  0xbf,0xd0,0xbe,0xd0,0xb2,0xd1,0x8b,0xd1,0x81,0xd0,0xb8,0xd1,0x82,0xd1,0x8c,0xd1,
  0x81,0xd1,0x8f,0x2e,0xa,0x20,0x20,0xd0,0x9f,0xd0,0xb5,0xd1,0x80,0xd0,0xb5,0xd0,
  0xb4,0x20,0xd0,0xbd,0xd0,0xb0,0xd1,0x87,0xd0,0xb0,0xd0,0xbb,0xd0,0xbe,0xd0,0xbc,
  0x20,0xd1,0x84,0xd0,0xb8,0xd0,0xb7,0xd0,0xb8,0xd1,0x87,0xd0,0xb5,0xd1,0x81,0xd0,
  0xba,0xd0,0xb8,0xd1,0x85,0x20,0xd1,0x83,0xd0,0xbf,0xd1,0x80,0xd0,0xb0,0xd0,0xb6,
  0xd0,0xbd,0xd0,0xb5,0xd0,0xbd,0xd0,0xb8,0xd0,0xb9,0x20,0xd1,0x80,0xd0,0xb5,0xd0,
  0xba,0xd0,0xbe,0xd0,0xbc,0xd0,0xb5,0xd0,0xbd,0xd0,0xb4,0xd1,0x83,0xd0,0xb5,0xd1,
  0x82,0xd1,0x81,0xd1,0x8f,0x3a,0x3c,0x2f,0x70,0x3e,0xa,0x20,0x20,0x3c,0x6f,0x6c,
  0x3e,0xa,0x20,0x20,0x3c,0x6c,0x69,0x3e,0xd0,0x9f,0xd0,0xbb,0xd0,0xb0,0xd0,0xbd,
  0xd0,0xb8,0xd1,0x80,0xd0,0xbe,0xd0,0xb2,0xd0,0xb0,0xd1,0x82,0xd1,0x8c,0x20,0xd0,
  0xb2,0xd1,0x80,0xd0,0xb5,0xd0,0xbc,0xd1,0x8f,0x20,0xd0,0xb8,0x20,0xd0,0xb8,0xd0,
  0xbd,0xd1,0x82,0xd0,0xb5,0xd0,0xbd,0xd1,0x81,0xd0,0xb8,0xd0,0xb2,0xd0,0xbd,0xd0,
  0xbe,0xd1,0x81,0xd1,0x82,0xd1,0x8c,0x20,0xd0,0xbd,0xd0,0xb0,0xd0,0xb3,0xd1,0x80,
  0xd1,0x83,0xd0,0xb7,0xd0,0xba,0xd0,0xb8,0x20,0xd0,0xb7,0xd0,0xb0,0xd1,0x80,0xd0,
  0xb0,0xd0,0xbd,0xd0,0xb5,0xd0,0xb5,0x2c,0x20,0xd1,0x87,0xd1,0x82,0xd0,0xbe,0xd0,
  0xb1,0xd1,0x8b,0x20,0xd1,0x81,0xd0,0xbe,0xd0,0xb3,0xd0,0xbb,0xd0,0xb0,0xd1,0x81,
  0xd0,0xbe,0xd0,0xb2,0xd0,0xb0,0xd1,0x82,0xd1,0x8c,0x20,0xd0,0xb5,0xd1,0x91,0x20,
  0xd1,0x81,0x20,0xd0,0xbf,0xd1,0x80,0xd0,0xb8,0xd1,0x91,0xd0,0xbc,0xd0,0xbe,0xd0,
  0xbc,0x20,0xd0,0xbf,0xd0,0xb8,0xd1,0x89,0xd0,0xb8,0x20,0xd0,0xb8,0x20,0xd0,0xb8,
  0xd0,0xbd,0xd1,0x8a,0xd0,0xb5,0xd0,0xba,0xd1,0x86,0xd0,0xb8,0xd0,0xb5,0xd0,0xb9,
  0x20,0xd0,0xb8,0xd0,0xbd,0xd1,0x81,0xd1,0x83,0xd0,0xbb,0xd0,0xb8,0xd0,0xbd,0xd0,
  0xb0,0x2e,0x20,0xd0,0x97,0xd0,0xb0,0xd0,0xbd,0xd0,0xb8,0xd0,0xbc,0xd0,0xb0,0xd1,
  0x82,0xd1,0x8c,0xd1,0x81,0xd1,0x8f,0x20,0xd1,0x81,0xd0,0xbf,0xd0,0xbe,0xd1,0x80,
  0xd1,0x82,0xd0,0xbe,0xd0,0xbc,0x20,0xd1,0x85,0xd0,0xbe,0xd1,0x80,0xd0,0xbe,0xd1,
  0x88,0xd0,0xbe,0x20,0xd0,0xb2,0x20,0xd1,0x82,0xd0,0xb5,0xd1,0x87,0xd0,0xb5,0xd0,
  0xbd,0xd0,0xb8,0xd0,0xb5,0x20,0x31,0x2d,0x32,0x20,0xd1,0x87,0xd0,0xb0,0xd1,0x81,
  0xd0,0xb0,0x20,0xd0,0xbf,0xd0,0xbe,0xd1,0x81,0xd0,0xbb,0xd0,0xb5,0x20,0xd0,0xb2,
  0xd0,0xb2,0xd0,0xb5,0xd0,0xb4,0xd0,0xb5,0xd0,0xbd,0xd0,0xb8,0xd1,0x8f,0x20,0xd0,
  0xb8,0xd0,0xbd,0xd1,0x81,0xd1,0x83,0xd0,0xbb,0xd0,0xb8,0xd0,0xbd,0xd0,0xb0,0x20,
  0xd0,0xba,0xd0,0xbe,0xd1,0x80,0xd0,0xbe,0xd1,0x82,0xd0,0xba,0xd0,0xbe,0xd0,0xb3,
  0xd0,0xbe,0x20,0xd0,0xb4,0xd0,0xb5,0xd0,0xb9,0xd1,0x81,0xd1,0x82,0xd0,0xb2,0xd0,
  0xb8,0xd1,0x8f,0x2e,0x20,0xd0,0x95,0xd1,0x81,0xd0,0xbb,0xd0,0xb8,0x20,0xd0,0xb6,
  0xd0,0xb5,0x20,0xd1,0x82,0xd1,0x80,0xd0,0xb5,0xd0,0xbd,0xd0,0xb8,0xd1,0x80,0xd0,
  0xbe,0xd0,0xb2,0xd0,0xba,0xd0,0xb0,0x20,0xd0,0xbd,0xd0,0xb0,0xd1,0x87,0xd0,0xb8,
  0xd0,0xbd,0xd0,0xb0,0xd0,0xb5,0xd1,0x82,0xd1,0x81,0xd1,0x8f,0x20,0xd1,0x87,0xd0,
  0xb5,0xd1,0x80,0xd0,0xb5,0xd0,0xb7,0x20,0x33,0x20,0xd1,0x87,0xd0,0xb0,0xd1,0x81,
  0xd0,0xb0,0x2c,0x20,0xd1,0x81,0xd0,0xbb,0xd0,0xb5,0xd0,0xb4,0xd1,0x83,0xd0,0xb5,
  0xd1,0x82,0x20,0xd0,0xb4,0xd0,0xbe,0xd0,0xbf,0xd0,0xbe,0xd0,0xbb,0xd0,0xbd,0xd0,
  0xb8,0xd1,0x82,0xd0,0xb5,0xd0,0xbb,0xd1,0x8c,0xd0,0xbd,0xd0,0xbe,0x20,0xd0,0xbf,
  0xd0,0xbe,0xd0,0xb5,0xd1,0x81,0xd1,0x82,0xd1,0x8c,0x2e,0x3c,0x2f,0x6c,0x69,0x3e,
  0xa,0x20,0x20,0x3c,0x6c,0x69,0x3e,0xd0,0x9f,0xd0,0xb5,0xd1,0x80,0xd0,0xb5,0xd0,
  0xb4,0x20,0xd0,0xbd,0xd0,0xb0,0xd1,0x87,0xd0,0xb0,0xd0,0xbb,0xd0,0xbe,0xd0,0xbc,
  0x20,0xd1,0x82,0xd1,0x80,0xd0,0xb5,0xd0,0xbd,0xd0,0xb8,0xd1,0x80,0xd0,0xbe,0xd0,
  0xb2,0xd0,0xba,0xd0,0xb8,0x20,0xd0,0xbf,0xd1,0x80,0xd0,0xbe,0xd0,0xb2,0xd0,0xb5,
  0xd1,0x80,0xd1,0x8c,0xd1,0x82,0xd0,0xb5,0x20,0xd1,0x83,0xd1,0x80,0xd0,0xbe,0xd0,
  0xb2,0xd0,0xb5,0xd0,0xbd,0xd1,0x8c,0x20,0xd0,0xb3,0xd0,0xbb,0xd1,0x8e,0xd0,0xba,
  0xd0,0xbe,0xd0,0xb7,0xd1,0x8b,0x20,0xd0,0xb2,0x20,0xd0,0xba,0xd1,0x80,0xd0,0xbe,
  0xd0,0xb2,0xd0,0xb8,0x2e,0x20,0xd0,0x9f,0xd1,0x80,0xd0,0xb8,0x20,0xd0,0xb7,0xd0,
  0xbd,0xd0,0xb0,0xd1,0x87,0xd0,0xb5,0xd0,0xbd,0xd0,0xb8,0xd0,0xb8,0x20,0xd0,0xbc,
  0xd0,0xb5,0xd0,0xbd,0xd0,0xb5,0xd0,0xb5,0x20,0x35,0x20,0xd0,0xbc,0xd0,0xbc,0xd0,
  0xbe,0xd0,0xbb,0xd1,0x8c,0x2f,0xd0,0xbb,0x20,0x2d,0x20,0xd0,0xbd,0xd0,0xb5,0xd0,
  0xbe,0xd0,0xb1,0xd1,0x85,0xd0,0xbe,0xd0,0xb4,0xd0,0xb8,0xd0,0xbc,0xd0,0xbe,0x20,
  0xd1,0x81,0xd1,0x8a,0xd0,0xb5,0xd1,0x81,0xd1,0x82,0xd1,0x8c,0x20,0xd1,0x83,0xd0,
  0xb3,0xd0,0xbb,0xd0,0xb5,0xd0,0xb2,0xd0,0xbe,0xd0,0xb4,0xd1,0x8b,0x20,0x28,0x31,
  0x2d,0x32,0x20,0xd0,0xa5,0xd0,0x95,0x29,0x2e,0x20,0xd0,0x95,0xd1,0x81,0xd0,0xbb,
  0xd0,0xb8,0x20,0xd0,0xbf,0xd1,0x80,0xd0,0xb8,0x20,0xd1,0x8d,0xd1,0x82,0xd0,0xbe,
  0xd0,0xbc,0x20,0xd0,0xb5,0xd1,0x81,0xd1,0x82,0xd1,0x8c,0x20,0x22,0xd0,0xb3,0xd0,
  0xbe,0xd0,0xbb,0xd0,0xbe,0xd0,0xb4,0xd0,0xbd,0xd1,0x8b,0xd0,0xb5,0x22,0x20,0xd0,
  0xba,0xd0,0xb5,0xd1,0x82,0xd0,0xbe,0xd0,0xbd,0xd1,0x8b,0x20,0xd0,0xb2,0x20,0xd0,
  0xbc,0xd0,0xbe,0xd1,0x87,0xd0,0xb5,0x20,0x2d,0x20,0xd1,0x81,0xd1,0x82,0xd0,0xbe,
  0xd0,0xb8,0xd1,0x82,0x20,0xd0,0xbf,0xd0,0xbe,0xd0,0xb4,0xd0,0xbe,0xd0,0xb6,0xd0,
  0xb4,0xd0,0xb0,0xd1,0x82,0xd1,0x8c,0x2c,0x20,0xd0,0xbf,0xd0,0xbe,0xd0,0xba,0xd0,
  0xb0,0x20,0xd1,0x83,0xd1,0x80,0xd0,0xbe,0xd0,0xb2,0xd0,0xb5,0xd0,0xbd,0xd1,0x8c,
  0x20,0xd0,0xb3,0xd0,0xbb,0xd1,0x8e,0xd0,0xba,0xd0,0xbe,0xd0,0xb7,0xd1,0x8b,0x20,
  0xd0,0xbd,0xd0,0xb5,0x20,0xd0,0xbf,0xd0,0xbe,0xd0,0xb4,0xd0,0xbd,0xd0,0xb8,0xd0,
  0xbc,0xd0,0xb5,0xd1,0x82,0xd1,0x81,0xd1,0x8f,0x2e,0x20,0x3c,0x2f,0x6c,0x69,0x3e,
  0xa,0x20,0x20,0x3c,0x6c,0x69,0x3e,0xd0,0x9f,0xd1,0x80,0xd0,0xb8,0x20,0xd0,0xbf,
  0xd0,0xbe,0xd0,0xba,0xd0,0xb0,0xd0,0xb7,0xd0,0xb0,0xd1,0x82,0xd0,0xb5,0xd0,0xbb,
  0xd0,0xb5,0x20,0xd1,0x81,0xd0,0xb0,0xd1,0x85,0xd0,0xb0,0xd1,0x80,0xd0,0xb0,0x20,
  0xd0,0xb2,0x20,0xd0,0xba,0xd1,0x80,0xd0,0xbe,0xd0,0xb2,0xd0,0xb8,0x20,0xd0,0xb1,
  0xd0,0xbe,0xd0,0xbb,0xd0,0xb5,0xd0,0xb5,0x20,0x31,0x35,0x20,0xd0,0xbc,0xd0,0xbc,
  0xd0,0xbe,0xd0,0xbb,0xd1,0x8c,0x2f,0xd0,0xbb,0x20,0xd0,0xbf,0xd1,0x80,0xd0,0xbe,
  0xd0,0xb2,0xd0,0xb5,0xd1,0x80,0xd1,0x8c,0xd1,0x82,0xd0,0xb5,0x20,0xd0,0xba,0xd0,
  0xb5,0xd1,0x82,0xd0,0xbe,0xd0,0xbd,0xd1,0x8b,0x2e,0x20,0xd0,0x95,0xd1,0x81,0xd0,
  0xbb,0xd0,0xb8,0x20,0xd0,0xb8,0xd1,0x85,0x20,0xd1,0x83,0xd1,0x80,0xd0,0xbe,0xd0,
  0xb2,0xd0,0xb5,0xd0,0xbd,0xd1,0x8c,0x20,0xd0,0xbf,0xd0,0xbe,0xd0,0xb2,0xd1,0x8b,
  0xd1,0x88,0xd0,0xb5,0xd0,0xbd,0x2c,0x20,0xd1,0x82,0xd0,0xbe,0x20,0xd0,0xbd,0xd0,
  0xb5,0xd0,0xbe,0xd0,0xb1,0xd1,0x85,0xd0,0xbe,0xd0,0xb4,0xd0,0xb8,0xd0,0xbc,0xd0,
  0xbe,0x20,0xd0,0xb2,0xd0,0xb2,0xd0,0xb5,0xd1,0x81,0xd1,0x82,0xd0,0xb8,0x20,0x30,
  0x2c,0x30,0x35,0x2d,0x30,0x2c,0x31,0x20,0xd0,0x95,0xd0,0x94,0x2f,0xd0,0xba,0xd0,
  0xb3,0x20,0xd0,0xb2,0xd0,0xb5,0xd1,0x81,0xd0,0xb0,0x20,0x22,0xd0,0xba,0xd0,0xbe,
  0xd1,0x80,0xd0,0xbe,0xd1,0x82,0xd0,0xba,0xd0,0xbe,0xd0,0xb3,0xd0,0xbe,0x22,0x20,
  0xd0,0xb8,0xd0,0xbd,0xd1,0x81,0xd1,0x83,0xd0,0xbb,0xd0,0xb8,0xd0,0xbd,0xd0,0xb0,
  0x20,0xd0,0xb4,0xd0,0xbe,0xd0,0xbf,0xd0,0xbe,0xd0,0xbb,0xd0,0xbd,0xd0,0xb8,0xd1,
  0x82,0xd0,0xb5,0xd0,0xbb,0xd1,0x8c,0xd0,0xbd,0xd0,0xbe,0x20,0xd0,0xb8,0x20,0xd0,
  0xbf,0xd0,0xbe,0xd0,0xb4,0xd0,0xbe,0xd0,0xb6,0xd0,0xb4,0xd0,0xb0,0xd1,0x82,0xd1,
  0x8c,0x20,0x31,0x2d,0x32,0x20,0xd1,0x87,0xd0,0xb0,0xd1,0x81,0xd0,0xb0,0x2e,0x3c,
  0x2f,0x6c,0x69,0x3e,0xa,0x20,0x20,0x3c,0x6c,0x69,0x3e,0xd0,0x9d,0xd0,0xb0,0x20,
  0xd0,0xba,0xd0,0xb0,0xd0,0xb6,0xd0,0xb4,0xd1,0x8b,0xd0,0xb5,0x20,0x33,0x30,0x20,
  0xd0,0xbc,0xd0,0xb8,0xd0,0xbd,0xd1,0x83,0xd1,0x82,0x20,0xd1,0x82,0xd1,0x80,0xd0,
  0xb5,0xd0,0xbd,0xd0,0xb8,0xd1,0x80,0xd0,0xbe,0xd0,0xb2,0xd0,0xba,0xd0,0xb8,0x20,
  0xd0,0x92,0xd0,0xb0,0xd0,0xbc,0x20,0xd0,0xbf,0xd0,0xbe,0xd0,0xbd,0xd0,0xb0,0xd0,
  0xb4,0xd0,0xbe,0xd0,0xb1,0xd1,0x8f,0xd1,0x82,0xd1,0x81,0xd1,0x8f,0x20,0xd0,0xb4,
  0xd0,0xbe,0xd0,0xbf,0xd0,0xbe,0xd0,0xbb,0xd0,0xbd,0xd0,0xb8,0xd1,0x82,0xd0,0xb5,
  0xd0,0xbb,0xd1,0x8c,0xd0,0xbd,0xd0,0xbe,0x20,0x31,0x2d,0x32,0x20,0xd0,0xa5,0xd0,
  0x95,0x2e,0x20,0xd0,0x92,0xd0,0xbe,0x20,0xd0,0xb2,0xd1,0x80,0xd0,0xb5,0xd0,0xbc,
  0xd1,0x8f,0x20,0xd0,0xb8,0x20,0xd0,0xbf,0xd0,0xbe,0xd1,0x81,0xd0,0xbb,0xd0,0xb5,
  0x20,0xd1,0x82,0xd1,0x80,0xd0,0xb5,0xd0,0xbd,0xd0,0xb8,0xd1,0x80,0xd0,0xbe,0xd0,
  0xb2,0xd0,0xba,0xd0,0xb8,0x20,0xd0,0xbe,0xd0,0xb1,0xd1,0x8f,0xd0,0xb7,0xd0,0xb0,
  0xd1,0x82,0xd0,0xb5,0xd0,0xbb,0xd1,0x8c,0xd0,0xbd,0xd0,0xbe,0x20,0xd0,0xb8,0xd0,
  0xb7,0xd0,0xbc,0xd0,0xb5,0xd1,0x80,0xd1,0x8f,0xd0,0xb9,0xd1,0x82,0xd0,0xb5,0x20,
  0xd1,0x81,0xd0,0xb0,0xd1,0x85,0xd0,0xb0,0xd1,0x80,0x20,0xd0,0xb2,0x20,0xd0,0xba,
  0xd1,0x80,0xd0,0xbe,0xd0,0xb2,0xd0,0xb8,0x2c,0x20,0xd1,0x87,0xd1,0x82,0xd0,0xbe,
  0xd0,0xb1,0xd1,0x8b,0x20,0xd0,0xb2,0xd1,0x8b,0xd1,0x8f,0xd1,0x81,0xd0,0xbd,0xd0,
  0xb8,0xd1,0x82,0xd1,0x8c,0x20,0xd1,0x81,0xd0,0xb2,0xd0,0xbe,0xd1,0x8e,0x20,0xd0,
  0xb8,0xd0,0xbd,0xd0,0xb4,0xd0,0xb8,0xd0,0xb2,0xd0,0xb8,0xd0,0xb4,0xd1,0x83,0xd0,
  0xb0,0xd0,0xbb,0xd1,0x8c,0xd0,0xbd,0xd1,0x83,0xd1,0x8e,0x20,0xd0,0xbf,0xd0,0xbe,
  0xd1,0x82,0xd1,0x80,0xd0,0xb5,0xd0,0xb1,0xd0,0xbd,0xd0,0xbe,0xd1,0x81,0xd1,0x82,
  0xd1,0x8c,0x20,0xd0,0xb2,0x20,0xd1,0x83,0xd0,0xb3,0xd0,0xbb,0xd0,0xb5,0xd0,0xb2,
  0xd0,0xbe,0xd0,0xb4,0xd0,0xb0,0xd1,0x85,0x2e,0x3c,0x2f,0x6c,0x69,0x3e,0xa,0x20,
  0x20,0x3c,0x6c,0x69,0x3e,0xd0,0xa1,0xd0,0xbb,0xd0,0xb5,0xd0,0xb4,0xd1,0x83,0xd0,
  0xb5,0xd1,0x82,0x20,0xd1,0x83,0xd0,0xbc,0xd0,0xb5,0xd0,0xbd,0xd1,0x8c,0xd1,0x88,
  0xd0,0xb8,0xd1,0x82,0xd1,0x8c,0x20,0xd0,0xb2,0xd0,0xb2,0xd0,0xbe,0xd0,0xb4,0xd0,
  0xb8,0xd0,0xbc,0xd1,0x8b,0xd0,0xb5,0x20,0xd0,0xbf,0xd0,0xbe,0xd1,0x81,0xd0,0xbb,
  0xd0,0xb5,0x20,0xd1,0x82,0xd1,0x80,0xd0,0xb5,0xd0,0xbd,0xd0,0xb8,0xd1,0x80,0xd0,
  0xbe,0xd0,0xb2,0xd0,0xba,0xd0,0xb8,0x20,0xd0,0xb4,0xd0,0xbe,0xd0,0xb7,0xd1,0x8b,
  0x20,0xd0,0xb8,0xd0,0xbd,0xd1,0x81,0xd1,0x83,0xd0,0xbb,0xd0,0xb8,0xd0,0xbd,0xd0,
  0xb0,0x20,0x2d,0x20,0xd0,0xbd,0xd0,0xb0,0x20,0x31,0x2d,0x32,0x20,0xd0,0x95,0xd0,
  0x94,0x20,0xd0,0xbf,0xd0,0xb5,0xd1,0x80,0xd0,0xb5,0xd0,0xb4,0x20,0xd0,0xb5,0xd0,
  0xb4,0xd0,0xbe,0xd0,0xb9,0x20,0xd0,0xb8,0x20,0xd0,0xbd,0xd0,0xb0,0x20,0x31,0x2d,
  0x32,0x20,0xd0,0x95,0xd0,0x94,0x20,0xd0,0xbd,0xd0,0xb0,0x20,0xd0,0xbd,0xd0,0xbe,
  0xd1,0x87,0xd1,0x8c,0x2e,0x20,0xd0,0x95,0xd1,0x81,0xd0,0xbb,0xd0,0xb8,0x20,0xd0,
  0x92,0xd1,0x8b,0x20,0xd0,0xb7,0xd0,0xb0,0xd0,0xbd,0xd0,0xb8,0xd0,0xbc,0xd0,0xb0,
  0xd0,0xb5,0xd1,0x82,0xd0,0xb5,0xd1,0x81,0xd1,0x8c,0x20,0xd1,0x81,0xd0,0xbf,0xd0,
  0xbe,0xd1,0x80,0xd1,0x82,0xd0,0xbe,0xd0,0xbc,0x20,0xd1,0x80,0xd0,0xb5,0xd0,0xb3,
  0xd1,0x83,0xd0,0xbb,0xd1,0x8f,0xd1,0x80,0xd0,0xbd,0xd0,0xbe,0x2c,0x20,0xd1,0x82,
  0xd0,0xbe,0x20,0xd1,0x82,0xd0,0xb0,0xd0,0xba,0xd0,0xbe,0xd0,0xb5,0x20,0xd1,0x81,
  0xd0,0xbd,0xd0,0xb8,0xd0,0xb6,0xd0,0xb5,0xd0,0xbd,0xd0,0xb8,0xd0,0xb5,0x20,0xd0,
  0xb4,0xd0,0xbe,0xd0,0xb7,0xd1,0x8b,0x20,0xd0,0xbc,0xd0,0xbe,0xd0,0xb6,0xd0,0xb5,
  0xd1,0x82,0x20,0xd0,0xb8,0x20,0xd0,0xbd,0xd0,0xb5,0x20,0xd0,0xbf,0xd0,0xbe,0xd0,
  0xbd,0xd0,0xb0,0xd0,0xb4,0xd0,0xbe,0xd0,0xb1,0xd0,0xb8,0xd1,0x82,0xd1,0x8c,0xd1,
  0x81,0xd1,0x8f,0x2e,0x3c,0x2f,0x6c,0x69,0x3e,0xa,0x20,0x20,0x3c,0x6c,0x69,0x3e,
  0xd0,0x95,0xd1,0x81,0xd0,0xbb,0xd0,0xb8,0x20,0xd0,0x92,0xd1,0x8b,0x20,0xd1,0x85,
  0xd0,0xbe,0xd1,0x82,0xd0,0xb8,0xd1,0x82,0xd0,0xb5,0x20,0xd0,0xbf,0xd0,0xbe,0xd1,
  0x85,0xd1,0x83,0xd0,0xb4,0xd0,0xb5,0xd1,0x82,0xd1,0x8c,0x2c,0x20,0xd1,0x82,0xd0,
  0xbe,0x20,0xd0,0xb2,0xd0,0xbc,0xd0,0xb5,0xd1,0x81,0xd1,0x82,0xd0,0xbe,0x20,0xd0,
  0xb4,0xd0,0xbe,0xd0,0xbf,0xd0,0xbe,0xd0,0xbb,0xd0,0xbd,0xd0,0xb8,0xd1,0x82,0xd0,
  0xb5,0xd0,0xbb,0xd1,0x8c,0xd0,0xbd,0xd0,0xbe,0xd0,0xb3,0xd0,0xbe,0x20,0xd0,0xbf,
  0xd1,0x80,0xd0,0xb8,0xd1,0x91,0xd0,0xbc,0xd0,0xb0,0x20,0xd0,0xbf,0xd0,0xb8,0xd1,
  0x89,0xd0,0xb8,0x20,0xd1,0x81,0xd0,0xbb,0xd0,0xb5,0xd0,0xb4,0xd1,0x83,0xd0,0xb5,
  0xd1,0x82,0x20,0xd1,0x81,0xd0,0xbd,0xd0,0xb8,0xd0,0xb6,0xd0,0xb0,0xd1,0x82,0xd1,
  0x8c,0x20,0xd0,0xb2,0xd0,0xb2,0xd0,0xbe,0xd0,0xb4,0xd0,0xb8,0xd0,0xbc,0xd1,0x83,
  0xd1,0x8e,0x20,0xd0,0xb4,0xd0,0xbe,0xd0,0xb7,0xd1,0x83,0x20,0xd0,0xb8,0xd0,0xbd,
  0xd1,0x81,0xd1,0x83,0xd0,0xbb,0xd0,0xb8,0xd0,0xbd,0xd0,0xb0,0x3c,0x2f,0x6c,0x69,
  0x3e,0xa,0x20,0x20,0x3c,0x2f,0x6f,0x6c,0x3e,0xa,0x20,0x20,0x3c,0x2f,0x62,0x6f,
  0x64,0x79,0x3e,0xa,0x20,0x20,0x3c,0x2f,0x68,0x74,0x6d,0x6c,0x3e,0xa,
    // TextGlaza.html
  0x0,0x0,0x14,0x87,
  0x3c,
  0x21,0x44,0x4f,0x43,0x54,0x59,0x50,0x45,0x20,0x68,0x74,0x6d,0x6c,0x3e,0xa,0x3c,
  0x68,0x74,0x6d,0x6c,0x3e,0xa,0x3c,0x68,0x65,0x61,0x64,0x3e,0xa,0x3c,0x6d,0x65,
  0x74,0x61,0x20,0x63,0x68,0x61,0x72,0x73,0x65,0x74,0x3d,0x22,0x55,0x54,0x46,0x2d,
  0x38,0x22,0x3e,0xa,0x3c,0x73,0x74,0x79,0x6c,0x65,0x3e,0xa,0x62,0x6f,0x64,0x79,
  0x20,0x7b,0xa,0x66,0x6f,0x6e,0x74,0x2d,0x66,0x61,0x6d,0x69,0x6c,0x79,0x3a,0x20,
  0x22,0x53,0x65,0x67,0x6f,0x65,0x20,0x55,0x49,0x22,0x2c,0x20,0x73,0x61,0x6e,0x73,
  0x2d,0x73,0x65,0x72,0x69,0x66,0x3b,0xa,0x66,0x6f,0x6e,0x74,0x2d,0x73,0x69,0x7a,
  0x65,0x3a,0x20,0x31,0x36,0x70,0x78,0x3b,0xa,0x63,0x6f,0x6c,0x6f,0x72,0x3a,0x20,
  0x23,0x33,0x33,0x33,0x3b,0xa,0x6c,0x69,0x6e,0x65,0x2d,0x68,0x65,0x69,0x67,0x68,
  0x74,0x3a,0x20,0x31,0x2e,0x36,0x3b,0xa,0x6d,0x61,0x72,0x67,0x69,0x6e,0x3a,0x20,
  0x32,0x30,0x70,0x78,0x3b,0xa,0x7d,0xa,0x70,0x20,0x7b,0x20,0x6d,0x61,0x72,0x67,
  0x69,0x6e,0x2d,0x62,0x6f,0x74,0x74,0x6f,0x6d,0x3a,0x20,0x31,0x35,0x70,0x78,0x3b,
  0x7d,0xa,0x3c,0x2f,0x73,0x74,0x79,0x6c,0x65,0x3e,0xa,0x3c,0x68,0x65,0x61,0x64,
  0x3e,0xa,0x3c,0x62,0x6f,0x64,0x79,0x3e,0xa,0x3c,0x68,0x31,0x3e,0xd0,0x94,0xd0,
  0xb8,0xd0,0xb0,0xd0,0xb1,0xd0,0xb5,0xd1,0x82,0x20,0xd0,0xb8,0x20,0xd0,0xb7,0xd1,
  0x80,0xd0,0xb5,0xd0,0xbd,0xd0,0xb8,0xd0,0xb5,0x3c,0x2f,0x68,0x31,0x3e,0xa,0x3c,
  0x70,0x3e,0xd0,0x94,0xd0,0xb8,0xd0,0xb0,0xd0,0xb1,0xd0,0xb5,0xd1,0x82,0x20,0xe2,
  0x80,0x94,0x20,0xd1,0x8d,0xd1,0x82,0xd0,0xbe,0x20,0xd1,0x85,0xd1,0x80,0xd0,0xbe,
  0xd0,0xbd,0xd0,0xb8,0xd1,0x87,0xd0,0xb5,0xd1,0x81,0xd0,0xba,0xd0,0xbe,0xd0,0xb5,
  0x20,0xd0,0xb7,0xd0,0xb0,0xd0,0xb1,0xd0,0xbe,0xd0,0xbb,0xd0,0xb5,0xd0,0xb2,0xd0,
  0xb0,0xd0,0xbd,0xd0,0xb8,0xd0,0xb5,0x2c,0x20,0xd0,0xba,0xd0,0xbe,0xd1,0x82,0xd0,
  0xbe,0xd1,0x80,0xd0,0xbe,0xd0,0xb5,0x20,0xd0,0xbc,0xd0,0xbe,0xd0,0xb6,0xd0,0xb5,
  0xd1,0x82,0x20,0xd0,0xbe,0xd0,0xba,0xd0,0xb0,0xd0,0xb7,0xd1,0x8b,0xd0,0xb2,0xd0,
  0xb0,0xd1,0x82,0xd1,0x8c,0x20,0xd0,0xb7,0xd0,0xbd,0xd0,0xb0,0xd1,0x87,0xd0,0xb8,
  0xd1,0x82,0xd0,0xb5,0xd0,0xbb,0xd1,0x8c,0xd0,0xbd,0xd0,0xbe,0xd0,0xb5,0x20,0xd0,
  0xb2,0xd0,0xbb,0xd0,0xb8,0xd1,0x8f,0xd0,0xbd,0xd0,0xb8,0xd0,0xb5,0x20,0xd0,0xbd,
  0xd0,0xb0,0x20,0xd0,0xb7,0xd0,0xb4,0xd0,0xbe,0xd1,0x80,0xd0,0xbe,0xd0,0xb2,0xd1,
  0x8c,0xd0,0xb5,0x20,0xd0,0xb3,0xd0,0xbb,0xd0,0xb0,0xd0,0xb7,0x2e,0x20,0xd0,0x92,
  0xd1,0x8b,0xd1,0x81,0xd0,0xbe,0xd0,0xba,0xd0,0xb8,0xd0,0xb9,0x20,0xd1,0x83,0xd1,
  0x80,0xd0,0xbe,0xd0,0xb2,0xd0,0xb5,0xd0,0xbd,0xd1,0x8c,0x20,0xd1,0x81,0xd0,0xb0,
  0xd1,0x85,0xd0,0xb0,0xd1,0x80,0xd0,0xb0,0x20,0xd0,0xb2,0x20,0xd0,0xba,0xd1,0x80,
  0xd0,0xbe,0xd0,0xb2,0xd0,0xb8,0x20,0xd0,0xbc,0xd0,0xbe,0xd0,0xb6,0xd0,0xb5,0xd1,
  0x82,0x20,0xd0,0xbf,0xd1,0x80,0xd0,0xb8,0xd0,0xb2,0xd0,0xb5,0xd1,0x81,0xd1,0x82,
  0xd0,0xb8,0x20,0xd0,0xba,0x20,0xd1,0x80,0xd0,0xb0,0xd0,0xb7,0xd0,0xbb,0xd0,0xb8,
  0xd1,0x87,0xd0,0xbd,0xd1,0x8b,0xd0,0xbc,0x20,0xd0,0xbe,0xd1,0x81,0xd0,0xbb,0xd0,
  0xbe,0xd0,0xb6,0xd0,0xbd,0xd0,0xb5,0xd0,0xbd,0xd0,0xb8,0xd1,0x8f,0xd0,0xbc,0x2c,
  0x20,0xd0,0xb2,0xd0,0xba,0xd0,0xbb,0xd1,0x8e,0xd1,0x87,0xd0,0xb0,0xd1,0x8f,0x20,
  0xd0,0xb4,0xd0,0xb8,0xd0,0xb0,0xd0,0xb1,0xd0,0xb5,0xd1,0x82,0xd0,0xb8,0xd1,0x87,
  0xd0,0xb5,0xd1,0x81,0xd0,0xba,0xd1,0x83,0xd1,0x8e,0x20,0xd1,0x80,0xd0,0xb5,0xd1,
  0x82,0xd0,0xb8,0xd0,0xbd,0xd0,0xbe,0xd0,0xbf,0xd0,0xb0,0xd1,0x82,0xd0,0xb8,0xd1,
  0x8e,0x2c,0x20,0xd0,0xba,0xd0,0xb0,0xd1,0x82,0xd0,0xb0,0xd1,0x80,0xd0,0xb0,0xd0,
  0xba,0xd1,0x82,0xd1,0x83,0x20,0xd0,0xb8,0x20,0xd0,0xb3,0xd0,0xbb,0xd0,0xb0,0xd1,
  0x83,0xd0,0xba,0xd0,0xbe,0xd0,0xbc,0xd1,0x83,0x2e,0x20,0xd0,0x9f,0xd0,0xbe,0xd1,
  0x8d,0xd1,0x82,0xd0,0xbe,0xd0,0xbc,0xd1,0x83,0x20,0xd0,0xb7,0xd0,0xb0,0xd0,0xb1,
  0xd0,0xbe,0xd1,0x82,0xd0,0xb0,0x20,0xd0,0xbe,0x20,0xd0,0xb7,0xd1,0x80,0xd0,0xb5,
  0xd0,0xbd,0xd0,0xb8,0xd0,0xb8,0x20,0xd1,0x8f,0xd0,0xb2,0xd0,0xbb,0xd1,0x8f,0xd0,
  0xb5,0xd1,0x82,0xd1,0x81,0xd1,0x8f,0x20,0xd0,0xb2,0xd0,0xb0,0xd0,0xb6,0xd0,0xbd,
  0xd0,0xbe,0xd0,0xb9,0x20,0xd1,0x87,0xd0,0xb0,0xd1,0x81,0xd1,0x82,0xd1,0x8c,0xd1,
  0x8e,0x20,0xd1,0x83,0xd0,0xbf,0xd1,0x80,0xd0,0xb0,0xd0,0xb2,0xd0,0xbb,0xd0,0xb5,
  0xd0,0xbd,0xd0,0xb8,0xd1,0x8f,0x20,0xd0,0xb4,0xd0,0xb8,0xd0,0xb0,0xd0,0xb1,0xd0,
  0xb5,0xd1,0x82,0xd0,0xbe,0xd0,0xbc,0x2e,0x20,0xd0,0x92,0x20,0xd1,0x8d,0xd1,0x82,
  0xd0,0xbe,0xd0,0xb9,0x20,0xd1,0x81,0xd1,0x82,0xd0,0xb0,0xd1,0x82,0xd1,0x8c,0xd0,
  0xb5,0x20,0xd0,0xbc,0xd1,0x8b,0x20,0xd1,0x80,0xd0,0xb0,0xd1,0x81,0xd1,0x81,0xd0,
  0xbc,0xd0,0xbe,0xd1,0x82,0xd1,0x80,0xd0,0xb8,0xd0,0xbc,0x20,0xd0,0xbe,0xd1,0x81,
  0xd0,0xbd,0xd0,0xbe,0xd0,0xb2,0xd0,0xbd,0xd1,0x8b,0xd0,0xb5,0x20,0xd1,0x80,0xd0,
  0xb5,0xd0,0xba,0xd0,0xbe,0xd0,0xbc,0xd0,0xb5,0xd0,0xbd,0xd0,0xb4,0xd0,0xb0,0xd1,
  0x86,0xd0,0xb8,0xd0,0xb8,0x20,0xd0,0xbf,0xd0,0xbe,0x20,0xd1,0x83,0xd1,0x85,0xd0,
  0xbe,0xd0,0xb4,0xd1,0x83,0x20,0xd0,0xb7,0xd0,0xb0,0x20,0xd0,0xb3,0xd0,0xbb,0xd0,
  0xb0,0xd0,0xb7,0xd0,0xb0,0xd0,0xbc,0xd0,0xb8,0x20,0xd0,0xb4,0xd0,0xbb,0xd1,0x8f,
  0x20,0xd0,0xbb,0xd1,0x8e,0xd0,0xb4,0xd0,0xb5,0xd0,0xb9,0x20,0xd1,0x81,0x20,0xd0,
  0xb4,0xd0,0xb8,0xd0,0xb0,0xd0,0xb1,0xd0,0xb5,0xd1,0x82,0xd0,0xbe,0xd0,0xbc,0x2e,
  0x3c,0x2f,0x70,0x3e,0xa,0x3c,0x70,0x3e,0xd0,0x9e,0xd0,0xb4,0xd0,0xbd,0xd0,0xb8,
  0xd0,0xbc,0x20,0xd0,0xb8,0xd0,0xb7,0x20,0xd1,0x81,0xd0,0xb0,0xd0,0xbc,0xd1,0x8b,
  0xd1,0x85,0x20,0xd0,0xb2,0xd0,0xb0,0xd0,0xb6,0xd0,0xbd,0xd1,0x8b,0xd1,0x85,0x20,
  0xd1,0x88,0xd0,0xb0,0xd0,0xb3,0xd0,0xbe,0xd0,0xb2,0x20,0xd0,0xb2,0x20,0xd0,0xb7,
  0xd0,0xb0,0xd0,0xb1,0xd0,0xbe,0xd1,0x82,0xd0,0xb5,0x20,0xd0,0xbe,0x20,0xd0,0xb7,
  0xd1,0x80,0xd0,0xb5,0xd0,0xbd,0xd0,0xb8,0xd0,0xb8,0x20,0xd1,0x8f,0xd0,0xb2,0xd0,
  0xbb,0xd1,0x8f,0xd0,0xb5,0xd1,0x82,0xd1,0x81,0xd1,0x8f,0x20,0xd1,0x80,0xd0,0xb5,
  0xd0,0xb3,0xd1,0x83,0xd0,0xbb,0xd1,0x8f,0xd1,0x80,0xd0,0xbd,0xd0,0xbe,0xd0,0xb5,
  0x20,0xd0,0xbf,0xd0,0xbe,0xd1,0x81,0xd0,0xb5,0xd1,0x89,0xd0,0xb5,0xd0,0xbd,0xd0,
  0xb8,0xd0,0xb5,0x20,0xd0,0xbe,0xd1,0x84,0xd1,0x82,0xd0,0xb0,0xd0,0xbb,0xd1,0x8c,
  0xd0,0xbc,0xd0,0xbe,0xd0,0xbb,0xd0,0xbe,0xd0,0xb3,0xd0,0xb0,0x2e,0x20,0xd0,0xa0,
  0xd0,0xb5,0xd0,0xba,0xd0,0xbe,0xd0,0xbc,0xd0,0xb5,0xd0,0xbd,0xd0,0xb4,0xd1,0x83,
  0xd0,0xb5,0xd1,0x82,0xd1,0x81,0xd1,0x8f,0x20,0xd0,0xbf,0xd1,0x80,0xd0,0xbe,0xd1,
  0x85,0xd0,0xbe,0xd0,0xb4,0xd0,0xb8,0xd1,0x82,0xd1,0x8c,0x20,0xd0,0xbe,0xd0,0xb1,
  0xd1,0x81,0xd0,0xbb,0xd0,0xb5,0xd0,0xb4,0xd0,0xbe,0xd0,0xb2,0xd0,0xb0,0xd0,0xbd,
  0xd0,0xb8,0xd0,0xb5,0x20,0xd0,0xbd,0xd0,0xb5,0x20,0xd1,0x80,0xd0,0xb5,0xd0,0xb6,
  0xd0,0xb5,0x20,0xd0,0xbe,0xd0,0xb4,0xd0,0xbd,0xd0,0xbe,0xd0,0xb3,0xd0,0xbe,0x20,
  0xd1,0x80,0xd0,0xb0,0xd0,0xb7,0xd0,0xb0,0x20,0xd0,0xb2,0x20,0xd0,0xb3,0xd0,0xbe,
  0xd0,0xb4,0x2e,0x20,0xd0,0xa1,0xd0,0xbf,0xd0,0xb5,0xd1,0x86,0xd0,0xb8,0xd0,0xb0,
  0xd0,0xbb,0xd0,0xb8,0xd1,0x81,0xd1,0x82,0x20,0xd1,0x81,0xd0,0xbc,0xd0,0xbe,0xd0,
  0xb6,0xd0,0xb5,0xd1,0x82,0x20,0xd0,0xb2,0xd1,0x8b,0xd1,0x8f,0xd0,0xb2,0xd0,0xb8,
  0xd1,0x82,0xd1,0x8c,0x20,0xd1,0x80,0xd0,0xb0,0xd0,0xbd,0xd0,0xbd,0xd0,0xb8,0xd0,
  0xb5,0x20,0xd0,0xbf,0xd1,0x80,0xd0,0xb8,0xd0,0xb7,0xd0,0xbd,0xd0,0xb0,0xd0,0xba,
  0xd0,0xb8,0x20,0xd0,0xbe,0xd1,0x81,0xd0,0xbb,0xd0,0xbe,0xd0,0xb6,0xd0,0xbd,0xd0,
  0xb5,0xd0,0xbd,0xd0,0xb8,0xd0,0xb9,0x2c,0x20,0xd1,0x82,0xd0,0xb0,0xd0,0xba,0xd0,
  0xb8,0xd1,0x85,0x20,0xd0,0xba,0xd0,0xb0,0xd0,0xba,0x20,0xd0,0xb4,0xd0,0xb8,0xd0,
  0xb0,0xd0,0xb1,0xd0,0xb5,0xd1,0x82,0xd0,0xb8,0xd1,0x87,0xd0,0xb5,0xd1,0x81,0xd0,
  0xba,0xd0,0xb0,0xd1,0x8f,0x20,0xd1,0x80,0xd0,0xb5,0xd1,0x82,0xd0,0xb8,0xd0,0xbd,
  0xd0,0xbe,0xd0,0xbf,0xd0,0xb0,0xd1,0x82,0xd0,0xb8,0xd1,0x8f,0x2c,0x20,0xd0,0xb8,
  0x20,0xd0,0xbf,0xd1,0x80,0xd0,0xb5,0xd0,0xb4,0xd0,0xbb,0xd0,0xbe,0xd0,0xb6,0xd0,
  0xb8,0xd1,0x82,0xd1,0x8c,0x20,0xd1,0x81,0xd0,0xbe,0xd0,0xbe,0xd1,0x82,0xd0,0xb2,
  0xd0,0xb5,0xd1,0x82,0xd1,0x81,0xd1,0x82,0xd0,0xb2,0xd1,0x83,0xd1,0x8e,0xd1,0x89,
  0xd0,0xb5,0xd0,0xb5,0x20,0xd0,0xbb,0xd0,0xb5,0xd1,0x87,0xd0,0xb5,0xd0,0xbd,0xd0,
  0xb8,0xd0,0xb5,0x2e,0xa,0xd0,0x9f,0xd0,0xbe,0xd0,0xb4,0xd0,0xb4,0xd0,0xb5,0xd1,
  0x80,0xd0,0xb6,0xd0,0xb0,0xd0,0xbd,0xd0,0xb8,0xd0,0xb5,0x20,0xd1,0x83,0xd1,0x80,
  0xd0,0xbe,0xd0,0xb2,0xd0,0xbd,0xd1,0x8f,0x20,0xd1,0x81,0xd0,0xb0,0xd1,0x85,0xd0,
  0xb0,0xd1,0x80,0xd0,0xb0,0x20,0xd0,0xb2,0x20,0xd0,0xba,0xd1,0x80,0xd0,0xbe,0xd0,
  0xb2,0xd0,0xb8,0x20,0xd0,0xb2,0x20,0xd0,0xbf,0xd1,0x80,0xd0,0xb5,0xd0,0xb4,0xd0,
  0xb5,0xd0,0xbb,0xd0,0xb0,0xd1,0x85,0x20,0xd0,0xbd,0xd0,0xbe,0xd1,0x80,0xd0,0xbc,
  0xd1,0x8b,0x20,0xd1,0x8f,0xd0,0xb2,0xd0,0xbb,0xd1,0x8f,0xd0,0xb5,0xd1,0x82,0xd1,
  0x81,0xd1,0x8f,0x20,0xd0,0xba,0xd0,0xbb,0xd1,0x8e,0xd1,0x87,0xd0,0xb5,0xd0,0xb2,
  0xd1,0x8b,0xd0,0xbc,0x20,0xd1,0x84,0xd0,0xb0,0xd0,0xba,0xd1,0x82,0xd0,0xbe,0xd1,
  0x80,0xd0,0xbe,0xd0,0xbc,0x20,0xd0,0xb4,0xd0,0xbb,0xd1,0x8f,0x20,0xd0,0xbf,0xd1,
  0x80,0xd0,0xb5,0xd0,0xb4,0xd0,0xbe,0xd1,0x82,0xd0,0xb2,0xd1,0x80,0xd0,0xb0,0xd1,
  0x89,0xd0,0xb5,0xd0,0xbd,0xd0,0xb8,0xd1,0x8f,0x20,0xd0,0xbe,0xd1,0x81,0xd0,0xbb,
  0xd0,0xbe,0xd0,0xb6,0xd0,0xbd,0xd0,0xb5,0xd0,0xbd,0xd0,0xb8,0xd0,0xb9,0x2e,0x20,
  0xd0,0x92,0xd1,0x8b,0xd1,0x81,0xd0,0xbe,0xd0,0xba,0xd0,0xb8,0xd0,0xb9,0x20,0xd1,
  0x83,0xd1,0x80,0xd0,0xbe,0xd0,0xb2,0xd0,0xb5,0xd0,0xbd,0xd1,0x8c,0x20,0xd0,0xb3,
  0xd0,0xbb,0xd1,0x8e,0xd0,0xba,0xd0,0xbe,0xd0,0xb7,0xd1,0x8b,0x20,0xd0,0xbc,0xd0,
  0xbe,0xd0,0xb6,0xd0,0xb5,0xd1,0x82,0x20,0xd0,0xbf,0xd0,0xbe,0xd0,0xb2,0xd1,0x80,
  0xd0,0xb5,0xd0,0xb4,0xd0,0xb8,0xd1,0x82,0xd1,0x8c,0x20,0xd0,0xba,0xd1,0x80,0xd0,
  0xbe,0xd0,0xb2,0xd0,0xb5,0xd0,0xbd,0xd0,0xbe,0xd1,0x81,0xd0,0xbd,0xd1,0x8b,0xd0,
  0xb5,0x20,0xd1,0x81,0xd0,0xbe,0xd1,0x81,0xd1,0x83,0xd0,0xb4,0xd1,0x8b,0x20,0xd0,
  0xb2,0x20,0xd0,0xb3,0xd0,0xbb,0xd0,0xb0,0xd0,0xb7,0xd0,0xb0,0xd1,0x85,0x2c,0x20,
  0xd1,0x87,0xd1,0x82,0xd0,0xbe,0x20,0xd0,0xbf,0xd1,0x80,0xd0,0xb8,0xd0,0xb2,0xd0,
  0xbe,0xd0,0xb4,0xd0,0xb8,0xd1,0x82,0x20,0xd0,0xba,0x20,0xd1,0x83,0xd1,0x85,0xd1,
  0x83,0xd0,0xb4,0xd1,0x88,0xd0,0xb5,0xd0,0xbd,0xd0,0xb8,0xd1,0x8e,0x20,0xd0,0xb7,
  0xd1,0x80,0xd0,0xb5,0xd0,0xbd,0xd0,0xb8,0xd1,0x8f,0x2e,0x20,0xd0,0xa1,0xd0,0xbb,
  0xd0,0xb5,0xd0,0xb4,0xd1,0x83,0xd0,0xb5,0xd1,0x82,0x20,0xd1,0x80,0xd0,0xb5,0xd0,
  0xb3,0xd1,0x83,0xd0,0xbb,0xd1,0x8f,0xd1,0x80,0xd0,0xbd,0xd0,0xbe,0x20,0xd0,0xbf,
  0xd1,0x80,0xd0,0xbe,0xd0,0xb2,0xd0,0xb5,0xd1,0x80,0xd1,0x8f,0xd1,0x82,0xd1,0x8c,
  0x20,0xd1,0x83,0xd1,0x80,0xd0,0xbe,0xd0,0xb2,0xd0,0xb5,0xd0,0xbd,0xd1,0x8c,0x20,
  0xd1,0x81,0xd0,0xb0,0xd1,0x85,0xd0,0xb0,0xd1,0x80,0xd0,0xb0,0x20,0xd0,0xb8,0x20,
  0xd1,0x81,0xd0,0xbe,0xd0,0xb1,0xd0,0xbb,0xd1,0x8e,0xd0,0xb4,0xd0,0xb0,0xd1,0x82,
  0xd1,0x8c,0x20,0xd1,0x80,0xd0,0xb5,0xd0,0xba,0xd0,0xbe,0xd0,0xbc,0xd0,0xb5,0xd0,
  0xbd,0xd0,0xb4,0xd0,0xb0,0xd1,0x86,0xd0,0xb8,0xd0,0xb8,0x20,0xd0,0xb2,0xd1,0x80,
  0xd0,0xb0,0xd1,0x87,0xd0,0xb0,0x20,0xd0,0xbf,0xd0,0xbe,0x20,0xd0,0xb4,0xd0,0xb8,
  0xd0,0xb5,0xd1,0x82,0xd0,0xb5,0x20,0xd0,0xb8,0x20,0xd1,0x84,0xd0,0xb8,0xd0,0xb7,
  0xd0,0xb8,0xd1,0x87,0xd0,0xb5,0xd1,0x81,0xd0,0xba,0xd0,0xbe,0xd0,0xb9,0x20,0xd0,
  0xb0,0xd0,0xba,0xd1,0x82,0xd0,0xb8,0xd0,0xb2,0xd0,0xbd,0xd0,0xbe,0xd1,0x81,0xd1,
  0x82,0xd0,0xb8,0x2e,0xa,0xd0,0x9f,0xd1,0x80,0xd0,0xb0,0xd0,0xb2,0xd0,0xb8,0xd0,
  0xbb,0xd1,0x8c,0xd0,0xbd,0xd0,0xbe,0xd0,0xb5,0x20,0xd0,0xbf,0xd0,0xb8,0xd1,0x82,
  0xd0,0xb0,0xd0,0xbd,0xd0,0xb8,0xd0,0xb5,0x20,0xd0,0xb8,0xd0,0xb3,0xd1,0x80,0xd0,
  0xb0,0xd0,0xb5,0xd1,0x82,0x20,0xd0,0xb2,0xd0,0xb0,0xd0,0xb6,0xd0,0xbd,0xd1,0x83,
  0xd1,0x8e,0x20,0xd1,0x80,0xd0,0xbe,0xd0,0xbb,0xd1,0x8c,0x20,0xd0,0xb2,0x20,0xd0,
  0xbf,0xd0,0xbe,0xd0,0xb4,0xd0,0xb4,0xd0,0xb5,0xd1,0x80,0xd0,0xb6,0xd0,0xb0,0xd0,
  0xbd,0xd0,0xb8,0xd0,0xb8,0x20,0xd0,0xb7,0xd0,0xb4,0xd0,0xbe,0xd1,0x80,0xd0,0xbe,
  0xd0,0xb2,0xd1,0x8c,0xd1,0x8f,0x20,0xd0,0xb3,0xd0,0xbb,0xd0,0xb0,0xd0,0xb7,0x2e,
  0x20,0xd0,0xa0,0xd0,0xb5,0xd0,0xba,0xd0,0xbe,0xd0,0xbc,0xd0,0xb5,0xd0,0xbd,0xd0,
  0xb4,0xd1,0x83,0xd0,0xb5,0xd1,0x82,0xd1,0x81,0xd1,0x8f,0x20,0xd0,0xb2,0xd0,0xba,
  0xd0,0xbb,0xd1,0x8e,0xd1,0x87,0xd0,0xb0,0xd1,0x82,0xd1,0x8c,0x20,0xd0,0xb2,0x20,
  0xd1,0x80,0xd0,0xb0,0xd1,0x86,0xd0,0xb8,0xd0,0xbe,0xd0,0xbd,0x20,0xd0,0xbf,0xd1,
  0x80,0xd0,0xbe,0xd0,0xb4,0xd1,0x83,0xd0,0xba,0xd1,0x82,0xd1,0x8b,0x2c,0x20,0xd0,
  0xb1,0xd0,0xbe,0xd0,0xb3,0xd0,0xb0,0xd1,0x82,0xd1,0x8b,0xd0,0xb5,0x20,0xd0,0xb0,
  0xd0,0xbd,0xd1,0x82,0xd0,0xb8,0xd0,0xbe,0xd0,0xba,0xd1,0x81,0xd0,0xb8,0xd0,0xb4,
  0xd0,0xb0,0xd0,0xbd,0xd1,0x82,0xd0,0xb0,0xd0,0xbc,0xd0,0xb8,0x2c,0x20,0xd0,0xb2,
  0xd0,0xb8,0xd1,0x82,0xd0,0xb0,0xd0,0xbc,0xd0,0xb8,0xd0,0xbd,0xd0,0xb0,0xd0,0xbc,
  0xd0,0xb8,0x20,0x43,0x20,0xd0,0xb8,0x20,0x45,0x2c,0x20,0xd0,0xb0,0x20,0xd1,0x82,
  0xd0,0xb0,0xd0,0xba,0xd0,0xb6,0xd0,0xb5,0x20,0xd0,0xba,0xd0,0xb0,0xd1,0x80,0xd0,
  0xbe,0xd1,0x82,0xd0,0xb8,0xd0,0xbd,0xd0,0xbe,0xd0,0xb8,0xd0,0xb4,0xd0,0xb0,0xd0,
  0xbc,0xd0,0xb8,0x20,0x28,0xd0,0xbd,0xd0,0xb0,0xd0,0xbf,0xd1,0x80,0xd0,0xb8,0xd0,
  0xbc,0xd0,0xb5,0xd1,0x80,0x2c,0x20,0xd0,0xbc,0xd0,0xbe,0xd1,0x80,0xd0,0xba,0xd0,
  0xbe,0xd0,0xb2,0xd1,0x8c,0x2c,0x20,0xd1,0x88,0xd0,0xbf,0xd0,0xb8,0xd0,0xbd,0xd0,
  0xb0,0xd1,0x82,0x2c,0x20,0xd0,0xb1,0xd1,0x80,0xd0,0xbe,0xd0,0xba,0xd0,0xba,0xd0,
  0xbe,0xd0,0xbb,0xd0,0xb8,0x29,0x2e,0x20,0xd0,0x9e,0xd0,0xbc,0xd0,0xb5,0xd0,0xb3,
  0xd0,0xb0,0x2d,0x33,0x20,0xd0,0xb6,0xd0,0xb8,0xd1,0x80,0xd0,0xbd,0xd1,0x8b,0xd0,
  0xb5,0x20,0xd0,0xba,0xd0,0xb8,0xd1,0x81,0xd0,0xbb,0xd0,0xbe,0xd1,0x82,0xd1,0x8b,
  0x2c,0x20,0xd1,0x81,0xd0,0xbe,0xd0,0xb4,0xd0,0xb5,0xd1,0x80,0xd0,0xb6,0xd0,0xb0,
  0xd1,0x89,0xd0,0xb8,0xd0,0xb5,0xd1,0x81,0xd1,0x8f,0x20,0xd0,0xb2,0x20,0xd1,0x80,
  0xd1,0x8b,0xd0,0xb1,0xd0,0xb5,0x2c,0x20,0xd1,0x82,0xd0,0xb0,0xd0,0xba,0xd0,0xb6,
  0xd0,0xb5,0x20,0xd0,0xbf,0xd0,0xbe,0xd0,0xbb,0xd0,0xb5,0xd0,0xb7,0xd0,0xbd,0xd1,
  0x8b,0x20,0xd0,0xb4,0xd0,0xbb,0xd1,0x8f,0x20,0xd0,0xb7,0xd1,0x80,0xd0,0xb5,0xd0,
  0xbd,0xd0,0xb8,0xd1,0x8f,0x2e,0xa,0xd0,0x92,0xd1,0x8b,0xd1,0x81,0xd0,0xbe,0xd0,
  0xba,0xd0,0xbe,0xd0,0xb5,0x20,0xd0,0xb0,0xd1,0x80,0xd1,0x82,0xd0,0xb5,0xd1,0x80,
  0xd0,0xb8,0xd0,0xb0,0xd0,0xbb,0xd1,0x8c,0xd0,0xbd,0xd0,0xbe,0xd0,0xb5,0x20,0xd0,
  0xb4,0xd0,0xb0,0xd0,0xb2,0xd0,0xbb,0xd0,0xb5,0xd0,0xbd,0xd0,0xb8,0xd0,0xb5,0x20,
  0xd0,0xbc,0xd0,0xbe,0xd0,0xb6,0xd0,0xb5,0xd1,0x82,0x20,0xd1,0x83,0xd1,0x81,0xd1,
  0x83,0xd0,0xb3,0xd1,0x83,0xd0,0xb1,0xd0,0xb8,0xd1,0x82,0xd1,0x8c,0x20,0xd0,0xbf,
  0xd1,0x80,0xd0,0xbe,0xd0,0xb1,0xd0,0xbb,0xd0,0xb5,0xd0,0xbc,0xd1,0x8b,0x20,0xd1,
  0x81,0xd0,0xbe,0x20,0xd0,0xb7,0xd1,0x80,0xd0,0xb5,0xd0,0xbd,0xd0,0xb8,0xd0,0xb5,
  0xd0,0xbc,0x20,0xd1,0x83,0x20,0xd0,0xb4,0xd0,0xb8,0xd0,0xb0,0xd0,0xb1,0xd0,0xb5,
  0xd1,0x82,0xd0,0xb8,0xd0,0xba,0xd0,0xbe,0xd0,0xb2,0x2e,0x20,0xd0,0xa0,0xd0,0xb5,
  0xd0,0xb3,0xd1,0x83,0xd0,0xbb,0xd1,0x8f,0xd1,0x80,0xd0,0xbd,0xd0,0xbe,0x20,0xd0,
  0xbf,0xd1,0x80,0xd0,0xbe,0xd0,0xb2,0xd0,0xb5,0xd1,0x80,0xd1,0x8f,0xd0,0xb9,0xd1,
  0x82,0xd0,0xb5,0x20,0xd0,0xb4,0xd0,0xb0,0xd0,0xb2,0xd0,0xbb,0xd0,0xb5,0xd0,0xbd,
  0xd0,0xb8,0xd0,0xb5,0x20,0xd0,0xb8,0x20,0xd1,0x81,0xd0,0xbb,0xd0,0xb5,0xd0,0xb4,
  0xd1,0x83,0xd0,0xb9,0xd1,0x82,0xd0,0xb5,0x20,0xd1,0x80,0xd0,0xb5,0xd0,0xba,0xd0,
  0xbe,0xd0,0xbc,0xd0,0xb5,0xd0,0xbd,0xd0,0xb4,0xd0,0xb0,0xd1,0x86,0xd0,0xb8,0xd1,
  0x8f,0xd0,0xbc,0x20,0xd0,0xb2,0xd1,0x80,0xd0,0xb0,0xd1,0x87,0xd0,0xb0,0x20,0xd0,
  0xbf,0xd0,0xbe,0x20,0xd0,0xb5,0xd0,0xb3,0xd0,0xbe,0x20,0xd0,0xba,0xd0,0xbe,0xd0,
  0xbd,0xd1,0x82,0xd1,0x80,0xd0,0xbe,0xd0,0xbb,0xd1,0x8e,0x2e,0x20,0xd0,0xa4,0xd0,
  0xb8,0xd0,0xb7,0xd0,0xb8,0xd1,0x87,0xd0,0xb5,0xd1,0x81,0xd0,0xba,0xd0,0xb0,0xd1,
  0x8f,0x20,0xd0,0xb0,0xd0,0xba,0xd1,0x82,0xd0,0xb8,0xd0,0xb2,0xd0,0xbd,0xd0,0xbe,
  0xd1,0x81,0xd1,0x82,0xd1,0x8c,0x2c,0x20,0xd1,0x81,0xd0,0xb1,0xd0,0xb0,0xd0,0xbb,
  0xd0,0xb0,0xd0,0xbd,0xd1,0x81,0xd0,0xb8,0xd1,0x80,0xd0,0xbe,0xd0,0xb2,0xd0,0xb0,
  0xd0,0xbd,0xd0,0xbd,0xd0,0xbe,0xd0,0xb5,0x20,0xd0,0xbf,0xd0,0xb8,0xd1,0x82,0xd0,
  0xb0,0xd0,0xbd,0xd0,0xb8,0xd0,0xb5,0x20,0xd0,0xb8,0x20,0xd0,0xbe,0xd1,0x82,0xd0,
  0xba,0xd0,0xb0,0xd0,0xb7,0x20,0xd0,0xbe,0xd1,0x82,0x20,0xd0,0xba,0xd1,0x83,0xd1,
  0x80,0xd0,0xb5,0xd0,0xbd,0xd0,0xb8,0xd1,0x8f,0x20,0xd0,0xbc,0xd0,0xbe,0xd0,0xb3,
  0xd1,0x83,0xd1,0x82,0x20,0xd0,0xbf,0xd0,0xbe,0xd0,0xbc,0xd0,0xbe,0xd1,0x87,0xd1,
  0x8c,0x20,0xd0,0xbf,0xd0,0xbe,0xd0,0xb4,0xd0,0xb4,0xd0,0xb5,0xd1,0x80,0xd0,0xb6,
  0xd0,0xb8,0xd0,0xb2,0xd0,0xb0,0xd1,0x82,0xd1,0x8c,0x20,0xd0,0xb4,0xd0,0xb0,0xd0,
  0xb2,0xd0,0xbb,0xd0,0xb5,0xd0,0xbd,0xd0,0xb8,0xd0,0xb5,0x20,0xd0,0xbd,0xd0,0xb0,
  0x20,0xd0,0xbd,0xd0,0xbe,0xd1,0x80,0xd0,0xbc,0xd0,0xb0,0xd0,0xbb,0xd1,0x8c,0xd0,
  0xbd,0xd0,0xbe,0xd0,0xbc,0x20,0xd1,0x83,0xd1,0x80,0xd0,0xbe,0xd0,0xb2,0xd0,0xbd,
  0xd0,0xb5,0x2e,0xa,0xd0,0xa1,0xd0,0xbe,0xd0,0xbb,0xd0,0xbd,0xd0,0xb5,0xd1,0x87,
  0xd0,0xbd,0xd1,0x8b,0xd0,0xb5,0x20,0xd0,0xbb,0xd1,0x83,0xd1,0x87,0xd0,0xb8,0x20,
  0xd0,0xbc,0xd0,0xbe,0xd0,0xb3,0xd1,0x83,0xd1,0x82,0x20,0xd0,0xbd,0xd0,0xb5,0xd0,
  0xb3,0xd0,0xb0,0xd1,0x82,0xd0,0xb8,0xd0,0xb2,0xd0,0xbd,0xd0,0xbe,0x20,0xd1,0x81,
  0xd0,0xba,0xd0,0xb0,0xd0,0xb7,0xd0,0xb0,0xd1,0x82,0xd1,0x8c,0xd1,0x81,0xd1,0x8f,
  0x20,0xd0,0xbd,0xd0,0xb0,0x20,0xd0,0xb7,0xd0,0xb4,0xd0,0xbe,0xd1,0x80,0xd0,0xbe,
  0xd0,0xb2,0xd1,0x8c,0xd0,0xb5,0x20,0xd0,0xb3,0xd0,0xbb,0xd0,0xb0,0xd0,0xb7,0x2e,
  0x20,0xd0,0x9d,0xd0,0xbe,0xd1,0x81,0xd0,0xb8,0xd1,0x82,0xd0,0xb5,0x20,0xd1,0x81,
  0xd0,0xbe,0xd0,0xbb,0xd0,0xbd,0xd1,0x86,0xd0,0xb5,0xd0,0xb7,0xd0,0xb0,0xd1,0x89,
  0xd0,0xb8,0xd1,0x82,0xd0,0xbd,0xd1,0x8b,0xd0,0xb5,0x20,0xd0,0xbe,0xd1,0x87,0xd0,
  0xba,0xd0,0xb8,0x20,0xd1,0x81,0x20,0x55,0x56,0x2d,0xd0,0xb7,0xd0,0xb0,0xd1,0x89,
  0xd0,0xb8,0xd1,0x82,0xd0,0xbe,0xd0,0xb9,0x2c,0x20,0xd0,0xba,0xd0,0xbe,0xd0,0xb3,
  0xd0,0xb4,0xd0,0xb0,0x20,0xd0,0xbd,0xd0,0xb0,0xd1,0x85,0xd0,0xbe,0xd0,0xb4,0xd0,
  0xb8,0xd1,0x82,0xd0,0xb5,0xd1,0x81,0xd1,0x8c,0x20,0xd0,0xbd,0xd0,0xb0,0x20,0xd1,
  0x83,0xd0,0xbb,0xd0,0xb8,0xd1,0x86,0xd0,0xb5,0x2c,0x20,0xd0,0xbe,0xd1,0x81,0xd0,
  0xbe,0xd0,0xb1,0xd0,0xb5,0xd0,0xbd,0xd0,0xbd,0xd0,0xbe,0x20,0xd0,0xb2,0x20,0xd1,
  0x81,0xd0,0xbe,0xd0,0xbb,0xd0,0xbd,0xd0,0xb5,0xd1,0x87,0xd0,0xbd,0xd1,0x8b,0xd0,
  0xb5,0x20,0xd0,0xb4,0xd0,0xbd,0xd0,0xb8,0x2e,0x20,0xd0,0xad,0xd1,0x82,0xd0,0xbe,
  0x20,0xd0,0xbf,0xd0,0xbe,0xd0,0xbc,0xd0,0xbe,0xd0,0xb6,0xd0,0xb5,0xd1,0x82,0x20,
  0xd0,0xb7,0xd0,0xb0,0xd1,0x89,0xd0,0xb8,0xd1,0x82,0xd0,0xb8,0xd1,0x82,0xd1,0x8c,
  0x20,0xd0,0xb3,0xd0,0xbb,0xd0,0xb0,0xd0,0xb7,0xd0,0xb0,0x20,0xd0,0xbe,0xd1,0x82,
  0x20,0xd0,0xb2,0xd1,0x80,0xd0,0xb5,0xd0,0xb4,0xd0,0xbd,0xd0,0xbe,0xd0,0xb3,0xd0,
  0xbe,0x20,0xd0,0xb2,0xd0,0xbe,0xd0,0xb7,0xd0,0xb4,0xd0,0xb5,0xd0,0xb9,0xd1,0x81,
  0xd1,0x82,0xd0,0xb2,0xd0,0xb8,0xd1,0x8f,0x20,0xd1,0x83,0xd0,0xbb,0xd1,0x8c,0xd1,
  0x82,0xd1,0x80,0xd0,0xb0,0xd1,0x84,0xd0,0xb8,0xd0,0xbe,0xd0,0xbb,0xd0,0xb5,0xd1,
  0x82,0xd0,0xbe,0xd0,0xb2,0xd0,0xbe,0xd0,0xb3,0xd0,0xbe,0x20,0xd0,0xb8,0xd0,0xb7,
  0xd0,0xbb,0xd1,0x83,0xd1,0x87,0xd0,0xb5,0xd0,0xbd,0xd0,0xb8,0xd1,0x8f,0x20,0xd0,
  0xb8,0x20,0xd1,0x81,0xd0,0xbd,0xd0,0xb8,0xd0,0xb7,0xd0,0xb8,0xd1,0x82,0xd1,0x8c,
  0x20,0xd1,0x80,0xd0,0xb8,0xd1,0x81,0xd0,0xba,0x20,0xd1,0x80,0xd0,0xb0,0xd0,0xb7,
  0xd0,0xb2,0xd0,0xb8,0xd1,0x82,0xd0,0xb8,0xd1,0x8f,0x20,0xd0,0xba,0xd0,0xb0,0xd1,
  0x82,0xd0,0xb0,0xd1,0x80,0xd0,0xb0,0xd0,0xba,0xd1,0x82,0xd1,0x8b,0x2e,0x3c,0x2f,
  0x70,0x3e,0xa,0x3c,0x70,0x3e,0xd0,0x95,0xd1,0x81,0xd0,0xbb,0xd0,0xb8,0x20,0xd0,
  0xb2,0xd1,0x8b,0x20,0xd0,0xb8,0xd1,0x81,0xd0,0xbf,0xd0,0xbe,0xd0,0xbb,0xd1,0x8c,
  0xd0,0xb7,0xd1,0x83,0xd0,0xb5,0xd1,0x82,0xd0,0xb5,0x20,0xd0,0xba,0xd0,0xbe,0xd0,
  0xbd,0xd1,0x82,0xd0,0xb0,0xd0,0xba,0xd1,0x82,0xd0,0xbd,0xd1,0x8b,0xd0,0xb5,0x20,
  0xd0,0xbb,0xd0,0xb8,0xd0,0xbd,0xd0,0xb7,0xd1,0x8b,0x2c,0x20,0xd1,0x81,0xd0,0xbb,
  0xd0,0xb5,0xd0,0xb4,0xd1,0x83,0xd0,0xb9,0xd1,0x82,0xd0,0xb5,0x20,0xd0,0xbf,0xd1,
  0x80,0xd0,0xb0,0xd0,0xb2,0xd0,0xb8,0xd0,0xbb,0xd0,0xb0,0xd0,0xbc,0x20,0xd0,0xb8,
  0xd1,0x85,0x20,0xd1,0x83,0xd1,0x85,0xd0,0xbe,0xd0,0xb4,0xd0,0xb0,0x20,0xd0,0xb8,
  0x20,0xd0,0xb3,0xd0,0xb8,0xd0,0xb3,0xd0,0xb8,0xd0,0xb5,0xd0,0xbd,0xd1,0x8b,0x2e,
  0x20,0xd0,0x9d,0xd0,0xb5,0x20,0xd0,0xb7,0xd0,0xb0,0xd0,0xb1,0xd1,0x8b,0xd0,0xb2,
  0xd0,0xb0,0xd0,0xb9,0xd1,0x82,0xd0,0xb5,0x20,0xd0,0xbc,0xd0,0xb5,0xd0,0xbd,0xd1,
  0x8f,0xd1,0x82,0xd1,0x8c,0x20,0xd0,0xbb,0xd0,0xb8,0xd0,0xbd,0xd0,0xb7,0xd1,0x8b,
  0x20,0xd0,0xb2,0x20,0xd1,0x81,0xd0,0xbe,0xd0,0xbe,0xd1,0x82,0xd0,0xb2,0xd0,0xb5,
  0xd1,0x82,0xd1,0x81,0xd1,0x82,0xd0,0xb2,0xd0,0xb8,0xd0,0xb8,0x20,0xd1,0x81,0x20,
  0xd1,0x80,0xd0,0xb5,0xd0,0xba,0xd0,0xbe,0xd0,0xbc,0xd0,0xb5,0xd0,0xbd,0xd0,0xb4,
  0xd0,0xb0,0xd1,0x86,0xd0,0xb8,0xd1,0x8f,0xd0,0xbc,0xd0,0xb8,0x20,0xd0,0xb8,0x20,
  0xd0,0xb8,0xd0,0xb7,0xd0,0xb1,0xd0,0xb5,0xd0,0xb3,0xd0,0xb0,0xd0,0xb9,0xd1,0x82,
  0xd0,0xb5,0x20,0xd0,0xbd,0xd0,0xbe,0xd1,0x88,0xd0,0xb5,0xd0,0xbd,0xd0,0xb8,0xd1,
  0x8f,0x20,0xd0,0xb8,0xd1,0x85,0x20,0xd0,0xb4,0xd0,0xbe,0xd0,0xbb,0xd1,0x8c,0xd1,
  0x88,0xd0,0xb5,0x20,0xd1,0x83,0xd1,0x81,0xd1,0x82,0xd0,0xb0,0xd0,0xbd,0xd0,0xbe,
  0xd0,0xb2,0xd0,0xbb,0xd0,0xb5,0xd0,0xbd,0xd0,0xbd,0xd0,0xbe,0xd0,0xb3,0xd0,0xbe,
  0x20,0xd1,0x81,0xd1,0x80,0xd0,0xbe,0xd0,0xba,0xd0,0xb0,0x2e,0x20,0xd0,0xad,0xd1,
  0x82,0xd0,0xbe,0x20,0xd0,0xbf,0xd0,0xbe,0xd0,0xbc,0xd0,0xbe,0xd0,0xb6,0xd0,0xb5,
  0xd1,0x82,0x20,0xd0,0xbf,0xd1,0x80,0xd0,0xb5,0xd0,0xb4,0xd0,0xbe,0xd1,0x82,0xd0,
  0xb2,0xd1,0x80,0xd0,0xb0,0xd1,0x82,0xd0,0xb8,0xd1,0x82,0xd1,0x8c,0x20,0xd0,0xb8,
  0xd0,0xbd,0xd1,0x84,0xd0,0xb5,0xd0,0xba,0xd1,0x86,0xd0,0xb8,0xd0,0xb8,0x20,0xd0,
  0xb8,0x20,0xd0,0xb4,0xd1,0x80,0xd1,0x83,0xd0,0xb3,0xd0,0xb8,0xd0,0xb5,0x20,0xd0,
  0xbf,0xd1,0x80,0xd0,0xbe,0xd0,0xb1,0xd0,0xbb,0xd0,0xb5,0xd0,0xbc,0xd1,0x8b,0x20,
  0xd1,0x81,0xd0,0xbe,0x20,0xd0,0xb7,0xd1,0x80,0xd0,0xb5,0xd0,0xbd,0xd0,0xb8,0xd0,
  0xb5,0xd0,0xbc,0x2e,0x3c,0x2f,0x70,0x3e,0xa,0x3c,0x70,0x3e,0xd0,0x95,0xd1,0x81,
  0xd0,0xbb,0xd0,0xb8,0x20,0xd0,0xb2,0xd1,0x8b,0x20,0xd0,0xb7,0xd0,0xb0,0xd0,0xbc,
  0xd0,0xb5,0xd1,0x82,0xd0,0xb8,0xd0,0xbb,0xd0,0xb8,0x20,0xd0,0xb8,0xd0,0xb7,0xd0,
  0xbc,0xd0,0xb5,0xd0,0xbd,0xd0,0xb5,0xd0,0xbd,0xd0,0xb8,0xd1,0x8f,0x20,0xd0,0xb2,
  0x20,0xd0,0xb7,0xd1,0x80,0xd0,0xb5,0xd0,0xbd,0xd0,0xb8,0xd0,0xb8,0x2c,0x20,0xd1,
  0x82,0xd0,0xb0,0xd0,0xba,0xd0,0xb8,0xd0,0xb5,0x20,0xd0,0xba,0xd0,0xb0,0xd0,0xba,
  0x20,0xd1,0x80,0xd0,0xb0,0xd0,0xb7,0xd0,0xbc,0xd1,0x8b,0xd1,0x82,0xd0,0xbe,0xd1,
  0x81,0xd1,0x82,0xd1,0x8c,0x2c,0x20,0xd0,0xbf,0xd0,0xbe,0xd1,0x8f,0xd0,0xb2,0xd0,
  0xbb,0xd0,0xb5,0xd0,0xbd,0xd0,0xb8,0xd0,0xb5,0x20,0xc2,0xab,0xd0,0xbf,0xd0,0xbb,
  0xd0,0xb0,0xd0,0xb2,0xd0,0xb0,0xd1,0x8e,0xd1,0x89,0xd0,0xb8,0xd1,0x85,0xc2,0xbb,
  0x20,0xd0,0xbf,0xd1,0x8f,0xd1,0x82,0xd0,0xb5,0xd0,0xbd,0x20,0xd0,0xb8,0xd0,0xbb,
  0xd0,0xb8,0x20,0xd0,0xb2,0xd1,0x81,0xd0,0xbf,0xd1,0x8b,0xd1,0x88,0xd0,0xb5,0xd0,
  0xba,0x20,0xd1,0x81,0xd0,0xb2,0xd0,0xb5,0xd1,0x82,0xd0,0xb0,0x2c,0x20,0xd0,0xbd,
  0xd0,0xb5,0xd0,0xbc,0xd0,0xb5,0xd0,0xb4,0xd0,0xbb,0xd0,0xb5,0xd0,0xbd,0xd0,0xbd,
  0xd0,0xbe,0x20,0xd0,0xbe,0xd0,0xb1,0xd1,0x80,0xd0,0xb0,0xd1,0x82,0xd0,0xb8,0xd1,
  0x82,0xd0,0xb5,0xd1,0x81,0xd1,0x8c,0x20,0xd0,0xba,0x20,0xd0,0xb2,0xd1,0x80,0xd0,
  0xb0,0xd1,0x87,0xd1,0x83,0x2e,0x20,0xd0,0xa0,0xd0,0xb0,0xd0,0xbd,0xd0,0xbd,0xd0,
  0xb5,0xd0,0xb5,0x20,0xd0,0xb2,0xd0,0xbc,0xd0,0xb5,0xd1,0x88,0xd0,0xb0,0xd1,0x82,
  0xd0,0xb5,0xd0,0xbb,0xd1,0x8c,0xd1,0x81,0xd1,0x82,0xd0,0xb2,0xd0,0xbe,0x20,0xd0,
  0xbc,0xd0,0xbe,0xd0,0xb6,0xd0,0xb5,0xd1,0x82,0x20,0xd0,0xbf,0xd1,0x80,0xd0,0xb5,
  0xd0,0xb4,0xd0,0xbe,0xd1,0x82,0xd0,0xb2,0xd1,0x80,0xd0,0xb0,0xd1,0x82,0xd0,0xb8,
  0xd1,0x82,0xd1,0x8c,0x20,0xd1,0x81,0xd0,0xb5,0xd1,0x80,0xd1,0x8c,0xd0,0xb5,0xd0,
  0xb7,0xd0,0xbd,0xd1,0x8b,0xd0,0xb5,0x20,0xd0,0xbe,0xd1,0x81,0xd0,0xbb,0xd0,0xbe,
  0xd0,0xb6,0xd0,0xbd,0xd0,0xb5,0xd0,0xbd,0xd0,0xb8,0xd1,0x8f,0x2e,0x3c,0x2f,0x70,
  0x3e,0xa,0x3c,0x70,0x3e,0xd0,0x97,0xd0,0xb0,0xd0,0xb1,0xd0,0xbe,0xd1,0x82,0xd0,
  0xb0,0x20,0xd0,0xbe,0x20,0xd0,0xb7,0xd1,0x80,0xd0,0xb5,0xd0,0xbd,0xd0,0xb8,0xd0,
  0xb8,0x20,0xd0,0xb4,0xd0,0xbb,0xd1,0x8f,0x20,0xd0,0xbb,0xd1,0x8e,0xd0,0xb4,0xd0,
  0xb5,0xd0,0xb9,0x20,0xd1,0x81,0x20,0xd0,0xb4,0xd0,0xb8,0xd0,0xb0,0xd0,0xb1,0xd0,
  0xb5,0xd1,0x82,0xd0,0xbe,0xd0,0xbc,0x20,0xe2,0x80,0x94,0x20,0xd1,0x8d,0xd1,0x82,
  0xd0,0xbe,0x20,0xd0,0xba,0xd0,0xbe,0xd0,0xbc,0xd0,0xbf,0xd0,0xbb,0xd0,0xb5,0xd0,
  0xba,0xd1,0x81,0xd0,0xbd,0xd1,0x8b,0xd0,0xb9,0x20,0xd0,0xbf,0xd1,0x80,0xd0,0xbe,
  0xd1,0x86,0xd0,0xb5,0xd1,0x81,0xd1,0x81,0x2c,0x20,0xd0,0xb2,0xd0,0xba,0xd0,0xbb,
  0xd1,0x8e,0xd1,0x87,0xd0,0xb0,0xd1,0x8e,0xd1,0x89,0xd0,0xb8,0xd0,0xb9,0x20,0xd1,
  0x80,0xd0,0xb5,0xd0,0xb3,0xd1,0x83,0xd0,0xbb,0xd1,0x8f,0xd1,0x80,0xd0,0xbd,0xd1,
  0x8b,0xd0,0xb5,0x20,0xd0,0xbe,0xd0,0xb1,0xd1,0x81,0xd0,0xbb,0xd0,0xb5,0xd0,0xb4,
  0xd0,0xbe,0xd0,0xb2,0xd0,0xb0,0xd0,0xbd,0xd0,0xb8,0xd1,0x8f,0x2c,0x20,0xd0,0xba,
  0xd0,0xbe,0xd0,0xbd,0xd1,0x82,0xd1,0x80,0xd0,0xbe,0xd0,0xbb,0xd1,0x8c,0x20,0xd1,
  0x83,0xd1,0x80,0xd0,0xbe,0xd0,0xb2,0xd0,0xbd,0xd1,0x8f,0x20,0xd1,0x81,0xd0,0xb0,
  0xd1,0x85,0xd0,0xb0,0xd1,0x80,0xd0,0xb0,0x20,0xd0,0xb8,0x20,0xd0,0xb0,0xd1,0x80,
  0xd1,0x82,0xd0,0xb5,0xd1,0x80,0xd0,0xb8,0xd0,0xb0,0xd0,0xbb,0xd1,0x8c,0xd0,0xbd,
  0xd0,0xbe,0xd0,0xb3,0xd0,0xbe,0x20,0xd0,0xb4,0xd0,0xb0,0xd0,0xb2,0xd0,0xbb,0xd0,
  0xb5,0xd0,0xbd,0xd0,0xb8,0xd1,0x8f,0x2c,0x20,0xd0,0xb7,0xd0,0xb4,0xd0,0xbe,0xd1,
  0x80,0xd0,0xbe,0xd0,0xb2,0xd0,0xbe,0xd0,0xb5,0x20,0xd0,0xbf,0xd0,0xb8,0xd1,0x82,
  0xd0,0xb0,0xd0,0xbd,0xd0,0xb8,0xd0,0xb5,0x20,0xd0,0xb8,0x20,0xd0,0xb7,0xd0,0xb0,
  0xd1,0x89,0xd0,0xb8,0xd1,0x82,0xd1,0x83,0x20,0xd0,0xb3,0xd0,0xbb,0xd0,0xb0,0xd0,
  0xb7,0x20,0xd0,0xbe,0xd1,0x82,0x20,0xd0,0xb2,0xd1,0x80,0xd0,0xb5,0xd0,0xb4,0xd0,
  0xbd,0xd1,0x8b,0xd1,0x85,0x20,0xd1,0x84,0xd0,0xb0,0xd0,0xba,0xd1,0x82,0xd0,0xbe,
  0xd1,0x80,0xd0,0xbe,0xd0,0xb2,0x2e,0x20,0xd0,0xa1,0xd0,0xbb,0xd0,0xb5,0xd0,0xb4,
  0xd1,0x83,0xd1,0x8f,0x20,0xd1,0x8d,0xd1,0x82,0xd0,0xb8,0xd0,0xbc,0x20,0xd1,0x80,
  0xd0,0xb5,0xd0,0xba,0xd0,0xbe,0xd0,0xbc,0xd0,0xb5,0xd0,0xbd,0xd0,0xb4,0xd0,0xb0,
  0xd1,0x86,0xd0,0xb8,0xd1,0x8f,0xd0,0xbc,0x2c,0x20,0xd0,0xbc,0xd0,0xbe,0xd0,0xb6,
  0xd0,0xbd,0xd0,0xbe,0x20,0xd0,0xb7,0xd0,0xbd,0xd0,0xb0,0xd1,0x87,0xd0,0xb8,0xd1,
  0x82,0xd0,0xb5,0xd0,0xbb,0xd1,0x8c,0xd0,0xbd,0xd0,0xbe,0x20,0xd1,0x81,0xd0,0xbd,
  0xd0,0xb8,0xd0,0xb7,0xd0,0xb8,0xd1,0x82,0xd1,0x8c,0x20,0xd1,0x80,0xd0,0xb8,0xd1,
  0x81,0xd0,0xba,0x20,0xd0,0xbe,0xd1,0x81,0xd0,0xbb,0xd0,0xbe,0xd0,0xb6,0xd0,0xbd,
  0xd0,0xb5,0xd0,0xbd,0xd0,0xb8,0xd0,0xb9,0x20,0xd0,0xb8,0x20,0xd1,0x81,0xd0,0xbe,
  0xd1,0x85,0xd1,0x80,0xd0,0xb0,0xd0,0xbd,0xd0,0xb8,0xd1,0x82,0xd1,0x8c,0x20,0xd0,
  0xb7,0xd1,0x80,0xd0,0xb5,0xd0,0xbd,0xd0,0xb8,0xd0,0xb5,0x20,0xd0,0xbd,0xd0,0xb0,
  0x20,0xd0,0xb4,0xd0,0xbe,0xd0,0xbb,0xd0,0xb3,0xd0,0xb8,0xd0,0xb5,0x20,0xd0,0xb3,
  0xd0,0xbe,0xd0,0xb4,0xd1,0x8b,0x2e,0x20,0xd0,0x9d,0xd0,0xb5,0x20,0xd0,0xb7,0xd0,
  0xb0,0xd0,0xb1,0xd1,0x8b,0xd0,0xb2,0xd0,0xb0,0xd0,0xb9,0xd1,0x82,0xd0,0xb5,0x20,
  0xd0,0xbe,0x20,0xd0,0xb2,0xd0,0xb0,0xd0,0xb6,0xd0,0xbd,0xd0,0xbe,0xd1,0x81,0xd1,
  0x82,0xd0,0xb8,0x20,0xd0,0xbe,0xd0,0xb1,0xd1,0x89,0xd0,0xb5,0xd0,0xbd,0xd0,0xb8,
  0xd1,0x8f,0x20,0xd1,0x81,0x20,0xd0,0xb2,0xd1,0x80,0xd0,0xb0,0xd1,0x87,0xd0,0xbe,
  0xd0,0xbc,0x20,0xd0,0xb8,0x20,0xd1,0x81,0xd0,0xbe,0xd0,0xb1,0xd0,0xbb,0xd1,0x8e,
  0xd0,0xb4,0xd0,0xb5,0xd0,0xbd,0xd0,0xb8,0xd1,0x8f,0x20,0xd0,0xb2,0xd1,0x81,0xd0,
  0xb5,0xd1,0x85,0x20,0xd0,0xbd,0xd0,0xb0,0xd0,0xb7,0xd0,0xbd,0xd0,0xb0,0xd1,0x87,
  0xd0,0xb5,0xd0,0xbd,0xd0,0xb8,0xd0,0xb9,0x20,0xd0,0xb4,0xd0,0xbb,0xd1,0x8f,0x20,
  0xd0,0xbf,0xd0,0xbe,0xd0,0xb4,0xd0,0xb4,0xd0,0xb5,0xd1,0x80,0xd0,0xb6,0xd0,0xb0,
  0xd0,0xbd,0xd0,0xb8,0xd1,0x8f,0x20,0xd0,0xb7,0xd0,0xb4,0xd0,0xbe,0xd1,0x80,0xd0,
  0xbe,0xd0,0xb2,0xd1,0x8c,0xd1,0x8f,0x20,0xd0,0xb3,0xd0,0xbb,0xd0,0xb0,0xd0,0xb7,
  0x2e,0x3c,0x2f,0x70,0x3e,0xa,0x3c,0x2f,0x62,0x6f,0x64,0x79,0x3e,0xa,0x3c,0x2f,
  0x68,0x74,0x6d,0x6c,0x3e,0xa,
    // TextGipo.html
  0x0,0x0,0x15,0xb0,
  0x3c,
  0x21,0x44,0x4f,0x43,0x54,0x59,0x50,0x45,0x20,0x68,0x74,0x6d,0x6c,0x3e,0xa,0x3c,
  0x68,0x74,0x6d,0x6c,0x3e,0xa,0x3c,0x68,0x65,0x61,0x64,0x3e,0xa,0x3c,0x6d,0x65,
  0x74,0x61,0x20,0x63,0x68,0x61,0x72,0x73,0x65,0x74,0x3d,0x22,0x55,0x54,0x46,0x2d,
  0x38,0x22,0x3e,0xa,0x3c,0x73,0x74,0x79,0x6c,0x65,0x3e,0xa,0x62,0x6f,0x64,0x79,
  0x20,0x7b,0xa,0x66,0x6f,0x6e,0x74,0x2d,0x66,0x61,0x6d,0x69,0x6c,0x79,0x3a,0x20,
  0x22,0x53,0x65,0x67,0x6f,0x65,0x20,0x55,0x49,0x22,0x2c,0x20,0x73,0x61,0x6e,0x73,
  0x2d,0x73,0x65,0x72,0x69,0x66,0x3b,0xa,0x66,0x6f,0x6e,0x74,0x2d,0x73,0x69,0x7a,
  0x65,0x3a,0x20,0x31,0x36,0x70,0x78,0x3b,0xa,0x63,0x6f,0x6c,0x6f,0x72,0x3a,0x20,
  0x23,0x33,0x33,0x33,0x3b,0xa,0x6c,0x69,0x6e,0x65,0x2d,0x68,0x65,0x69,0x67,0x68,
  0x74,0x3a,0x20,0x31,0x2e,0x36,0x3b,0xa,0x6d,0x61,0x72,0x67,0x69,0x6e,0x3a,0x20,
  0x32,0x30,0x70,0x78,0x3b,0xa,0x7d,0xa,0x70,0x20,0x7b,0x20,0x6d,0x61,0x72,0x67,
  0x69,0x6e,0x2d,0x62,0x6f,0x74,0x74,0x6f,0x6d,0x3a,0x20,0x31,0x35,0x70,0x78,0x3b,
  0x7d,0xa,0x3c,0x2f,0x73,0x74,0x79,0x6c,0x65,0x3e,0xa,0x3c,0x68,0x65,0x61,0x64,
  0x3e,0xa,0x3c,0x62,0x6f,0x64,0x79,0x3e,0xa,0x3c,0x68,0x31,0x3e,0xd0,0x93,0xd0,
  0xb8,0xd0,0xbf,0xd0,0xbe,0xd0,0xb3,0xd0,0xbb,0xd0,0xb8,0xd0,0xba,0xd0,0xb5,0xd0,
  0xbc,0xd0,0xb8,0xd1,0x8f,0x3c,0x2f,0x68,0x31,0x3e,0xa,0x3c,0x70,0x3e,0xd0,0x93,
  0xd0,0xb8,0xd0,0xbf,0xd0,0xbe,0xd0,0xb3,0xd0,0xbb,0xd0,0xb8,0xd0,0xba,0xd0,0xb5,
  0xd0,0xbc,0xd0,0xb8,0xd1,0x8f,0x20,0x2d,0x20,0xd1,0x8d,0xd1,0x82,0xd0,0xbe,0x20,
  0xd1,0x81,0xd0,0xbe,0xd1,0x81,0xd1,0x82,0xd0,0xbe,0xd1,0x8f,0xd0,0xbd,0xd0,0xb8,
  0xd0,0xb5,0x2c,0x20,0xd0,0xba,0xd0,0xbe,0xd1,0x82,0xd0,0xbe,0xd1,0x80,0xd0,0xbe,
  0xd0,0xb5,0x20,0xd0,0xb2,0xd0,0xbe,0xd0,0xb7,0xd0,0xbd,0xd0,0xb8,0xd0,0xba,0xd0,
  0xb0,0xd0,0xb5,0xd1,0x82,0x20,0xd0,0xbf,0xd1,0x80,0xd0,0xb8,0x20,0xd1,0x81,0xd0,
  0xbd,0xd0,0xb8,0xd0,0xb6,0xd0,0xb5,0xd0,0xbd,0xd0,0xb8,0xd0,0xb8,0x20,0xd1,0x83,
  0xd1,0x80,0xd0,0xbe,0xd0,0xb2,0xd0,0xbd,0xd1,0x8f,0x20,0xd0,0xb3,0xd0,0xbb,0xd1,
  0x8e,0xd0,0xba,0xd0,0xbe,0xd0,0xb7,0xd1,0x8b,0x20,0xd0,0xb2,0x20,0xd0,0xba,0xd1,
  0x80,0xd0,0xbe,0xd0,0xb2,0xd0,0xb8,0x20,0x28,0xd1,0x86,0xd0,0xb5,0xd0,0xbb,0xd1,
  0x8c,0xd0,0xbd,0xd0,0xb0,0xd1,0x8f,0x20,0xd0,0xba,0xd0,0xb0,0xd0,0xbf,0xd0,0xb8,
  0xd0,0xbb,0xd1,0x8f,0xd1,0x80,0xd0,0xbd,0xd0,0xb0,0xd1,0x8f,0x20,0xd0,0xba,0xd1,
  0x80,0xd0,0xbe,0xd0,0xb2,0xd1,0x8c,0x29,0x20,0xd0,0xbd,0xd0,0xb8,0xd0,0xb6,0xd0,
  0xb5,0x20,0x33,0x2c,0x33,0x20,0xd0,0xbc,0xd0,0xbc,0xd0,0xbe,0xd0,0xbb,0xd1,0x8c,
  0x2f,0xd0,0xbb,0x2e,0x20,0xd0,0x9a,0xd0,0xbb,0xd0,0xb5,0xd1,0x82,0xd0,0xba,0xd0,
  0xb8,0x20,0xd0,0xb3,0xd0,0xbe,0xd0,0xbb,0xd0,0xbe,0xd0,0xb2,0xd0,0xbd,0xd0,0xbe,
  0xd0,0xb3,0xd0,0xbe,0x20,0xd0,0xbc,0xd0,0xbe,0xd0,0xb7,0xd0,0xb3,0xd0,0xb0,0x20,
  0xd0,0xbe,0xd1,0x87,0xd0,0xb5,0xd0,0xbd,0xd1,0x8c,0x20,0xd1,0x87,0xd1,0x83,0xd0,
  0xb2,0xd1,0x81,0xd1,0x82,0xd0,0xb2,0xd0,0xb8,0xd1,0x82,0xd0,0xb5,0xd0,0xbb,0xd1,
  0x8c,0xd0,0xbd,0xd1,0x8b,0x20,0xd0,0xba,0x20,0xd0,0xb3,0xd0,0xb8,0xd0,0xbf,0xd0,
  0xbe,0xd0,0xb3,0xd0,0xbb,0xd0,0xb8,0xd0,0xba,0xd0,0xb5,0xd0,0xbc,0xd0,0xb8,0xd0,
  0xb8,0x2c,0x20,0xd0,0xbf,0xd0,0xbe,0xd1,0x81,0xd0,0xba,0xd0,0xbe,0xd0,0xbb,0xd1,
  0x8c,0xd0,0xba,0xd1,0x83,0x20,0xd0,0xbd,0xd0,0xb5,0x20,0xd0,0xb8,0xd0,0xbc,0xd0,
  0xb5,0xd1,0x8e,0xd1,0x82,0x20,0xd0,0xb7,0xd0,0xb0,0xd0,0xbf,0xd0,0xb0,0xd1,0x81,
  0xd0,0xbe,0xd0,0xb2,0x20,0xd0,0xb3,0xd0,0xbb,0xd1,0x8e,0xd0,0xba,0xd0,0xbe,0xd0,
  0xb7,0xd1,0x8b,0x2e,0x20,0xd0,0x9f,0xd0,0xbe,0xd1,0x8d,0xd1,0x82,0xd0,0xbe,0xd0,
  0xbc,0xd1,0x83,0x20,0xd0,0xbe,0xd1,0x80,0xd0,0xb3,0xd0,0xb0,0xd0,0xbd,0xd0,0xb8,
  0xd0,0xb7,0xd0,0xbc,0x20,0xd0,0xb0,0xd0,0xba,0xd1,0x82,0xd0,0xb8,0xd0,0xb2,0xd0,
  0xbd,0xd0,0xbe,0x20,0xd1,0x80,0xd0,0xb5,0xd0,0xb0,0xd0,0xb3,0xd0,0xb8,0xd1,0x80,
  0xd1,0x83,0xd0,0xb5,0xd1,0x82,0x20,0xd0,0xbd,0xd0,0xb0,0x20,0xd0,0xb3,0xd0,0xb8,
  0xd0,0xbf,0xd0,0xbe,0xd0,0xb3,0xd0,0xbb,0xd0,0xb8,0xd0,0xba,0xd0,0xb5,0xd0,0xbc,
  0xd0,0xb8,0xd1,0x8e,0x2c,0x20,0xd0,0xb2,0xd0,0xba,0xd0,0xbb,0xd1,0x8e,0xd1,0x87,
  0xd0,0xb0,0xd1,0x8f,0x20,0xd0,0xb7,0xd0,0xb0,0xd1,0x89,0xd0,0xb8,0xd1,0x82,0xd0,
  0xbd,0xd1,0x8b,0xd0,0xb5,0x20,0xd0,0xbc,0xd0,0xb5,0xd1,0x85,0xd0,0xb0,0xd0,0xbd,
  0xd0,0xb8,0xd0,0xb7,0xd0,0xbc,0xd1,0x8b,0x2e,0x20,0xd0,0xa7,0xd0,0xb5,0xd0,0xbb,
  0xd0,0xbe,0xd0,0xb2,0xd0,0xb5,0xd0,0xba,0x20,0xd1,0x81,0x20,0xd0,0xb4,0xd0,0xb8,
  0xd0,0xb0,0xd0,0xb1,0xd0,0xb5,0xd1,0x82,0xd0,0xbe,0xd0,0xbc,0x20,0xd0,0xbd,0xd0,
  0xb0,0xd1,0x87,0xd0,0xb8,0xd0,0xbd,0xd0,0xb0,0xd0,0xb5,0xd1,0x82,0x20,0xd0,0xbe,
  0xd1,0x89,0xd1,0x83,0xd1,0x89,0xd0,0xb0,0xd1,0x82,0xd1,0x8c,0x20,0xd1,0x82,0xd0,
  0xb0,0xd0,0xba,0x20,0xd0,0xbd,0xd0,0xb0,0xd0,0xb7,0xd1,0x8b,0xd0,0xb2,0xd0,0xb0,
  0xd0,0xb5,0xd0,0xbc,0xd1,0x8b,0xd0,0xb5,0x20,0xd1,0x81,0xd0,0xb8,0xd0,0xbc,0xd0,
  0xbf,0xd1,0x82,0xd0,0xbe,0xd0,0xbc,0xd1,0x8b,0x2d,0xd0,0xbf,0xd1,0x80,0xd0,0xb5,
  0xd0,0xb4,0xd0,0xb2,0xd0,0xb5,0xd1,0x81,0xd1,0x82,0xd0,0xbd,0xd0,0xb8,0xd0,0xba,
  0xd0,0xb8,0x2c,0x20,0xd0,0xba,0xd0,0xbe,0xd1,0x82,0xd0,0xbe,0xd1,0x80,0xd1,0x8b,
  0xd0,0xb5,0x20,0xd1,0x81,0xd0,0xb8,0xd0,0xb3,0xd0,0xbd,0xd0,0xb0,0xd0,0xbb,0xd0,
  0xb8,0xd0,0xb7,0xd0,0xb8,0xd1,0x80,0xd1,0x83,0xd1,0x8e,0xd1,0x82,0x2c,0x20,0xd1,
  0x87,0xd1,0x82,0xd0,0xbe,0x20,0xd0,0xbd,0xd0,0xb0,0xd0,0xb4,0xd0,0xbe,0x20,0xd0,
  0xbf,0xd1,0x80,0xd0,0xb5,0xd0,0xb4,0xd0,0xbf,0xd1,0x80,0xd0,0xb8,0xd0,0xbd,0xd1,
  0x8f,0xd1,0x82,0xd1,0x8c,0x20,0xd0,0xb7,0xd0,0xb0,0xd1,0x89,0xd0,0xb8,0xd1,0x82,
  0xd0,0xbd,0xd1,0x8b,0xd0,0xb5,0x20,0xd0,0xbc,0xd0,0xb5,0xd1,0x80,0xd1,0x8b,0x3a,
  0x20,0xd0,0xbf,0xd1,0x80,0xd0,0xb5,0xd0,0xb6,0xd0,0xb4,0xd0,0xb5,0x20,0xd0,0xb2,
  0xd1,0x81,0xd0,0xb5,0xd0,0xb3,0xd0,0xbe,0x20,0xd1,0x87,0xd1,0x82,0xd0,0xbe,0x2d,
  0xd0,0xbd,0xd0,0xb8,0xd0,0xb1,0xd1,0x83,0xd0,0xb4,0xd1,0x8c,0x20,0xd1,0x81,0xd1,
  0x8a,0xd0,0xb5,0xd1,0x81,0xd1,0x82,0xd1,0x8c,0x2e,0x20,0x3c,0x2f,0x70,0x3e,0xa,
  0x3c,0x70,0x3e,0xd0,0xa1,0xd0,0xbe,0x20,0xd0,0xb2,0xd1,0x80,0xd0,0xb5,0xd0,0xbc,
  0xd0,0xb5,0xd0,0xbd,0xd0,0xb5,0xd0,0xbc,0x20,0xd1,0x81,0xd0,0xb8,0xd0,0xbc,0xd0,
  0xbf,0xd1,0x82,0xd0,0xbe,0xd0,0xbc,0xd1,0x8b,0x2d,0xd0,0xbf,0xd1,0x80,0xd0,0xb5,
  0xd0,0xb4,0xd0,0xb2,0xd0,0xb5,0xd1,0x81,0xd1,0x82,0xd0,0xbd,0xd0,0xb8,0xd0,0xba,
  0xd0,0xb8,0x20,0xd0,0xbc,0xd0,0xbe,0xd0,0xb3,0xd1,0x83,0xd1,0x82,0x20,0xd0,0xb8,
  0xd1,0x81,0xd1,0x87,0xd0,0xb5,0xd0,0xb7,0xd0,0xb0,0xd1,0x82,0xd1,0x8c,0x2e,0x20,
  0xd0,0x93,0xd0,0xb8,0xd0,0xbf,0xd0,0xbe,0xd0,0xb3,0xd0,0xbb,0xd0,0xb8,0xd0,0xba,
  0xd0,0xb5,0xd0,0xbc,0xd0,0xb8,0xd1,0x8f,0x2c,0x20,0xd0,0xba,0xd0,0xbe,0xd1,0x82,
  0xd0,0xbe,0xd1,0x80,0xd0,0xb0,0xd1,0x8f,0x20,0xd0,0xbd,0xd0,0xb5,0x20,0xd1,0x81,
  0xd0,0xbe,0xd0,0xbf,0xd1,0x80,0xd0,0xbe,0xd0,0xb2,0xd0,0xbe,0xd0,0xb6,0xd0,0xb4,
  0xd0,0xb0,0xd0,0xb5,0xd1,0x82,0xd1,0x81,0xd1,0x8f,0x20,0xd1,0x81,0xd0,0xb8,0xd0,
  0xbc,0xd0,0xbf,0xd1,0x82,0xd0,0xbe,0xd0,0xbc,0xd0,0xb0,0xd0,0xbc,0xd0,0xb8,0x2d,
  0xd0,0xbf,0xd1,0x80,0xd0,0xb5,0xd0,0xb4,0xd0,0xb2,0xd0,0xb5,0xd1,0x81,0xd1,0x82,
  0xd0,0xbd,0xd0,0xb8,0xd0,0xba,0xd0,0xb0,0xd0,0xbc,0xd0,0xb8,0x2c,0x20,0xd0,0xbd,
  0xd0,0xb0,0xd0,0xb7,0xd1,0x8b,0xd0,0xb2,0xd0,0xb0,0xd0,0xb5,0xd1,0x82,0xd1,0x81,
  0xd1,0x8f,0x20,0xd0,0xb1,0xd0,0xb5,0xd1,0x81,0xd1,0x81,0xd0,0xb8,0xd0,0xbc,0xd0,
  0xbf,0xd1,0x82,0xd0,0xbe,0xd0,0xbc,0xd0,0xbd,0xd0,0xbe,0xd0,0xb9,0x20,0xd0,0xb3,
  0xd0,0xb8,0xd0,0xbf,0xd0,0xbe,0xd0,0xb3,0xd0,0xbb,0xd0,0xb8,0xd0,0xba,0xd0,0xb5,
  0xd0,0xbc,0xd0,0xb8,0xd0,0xb5,0xd0,0xb9,0x2e,0xa,0xd0,0xa1,0xd0,0xb8,0xd0,0xbc,
  0xd0,0xbf,0xd1,0x82,0xd0,0xbe,0xd0,0xbc,0xd1,0x8b,0x20,0xd0,0xb3,0xd0,0xb8,0xd0,
  0xbf,0xd0,0xbe,0xd0,0xb3,0xd0,0xbb,0xd0,0xb8,0xd0,0xba,0xd0,0xb5,0xd0,0xbc,0xd0,
  0xb8,0xd0,0xb8,0x3a,0x3c,0x2f,0x70,0x3e,0xa,0x3c,0x6f,0x6c,0x3e,0xa,0x3c,0x6c,
  0x69,0x3e,0xd0,0xbe,0xd0,0xb1,0xd1,0x89,0xd0,0xb8,0xd0,0xb5,0x2c,0x20,0xd0,0xb2,
  0xd1,0x8b,0xd0,0xb7,0xd0,0xb2,0xd0,0xb0,0xd0,0xbd,0xd0,0xbd,0xd1,0x8b,0xd0,0xb5,
  0x20,0xd0,0xb2,0xd1,0x8b,0xd0,0xb1,0xd1,0x80,0xd0,0xbe,0xd1,0x81,0xd0,0xbe,0xd0,
  0xbc,0x20,0xd1,0x81,0xd1,0x82,0xd1,0x80,0xd0,0xb5,0xd1,0x81,0xd1,0x81,0xd0,0xbe,
  0xd0,0xb2,0xd1,0x8b,0xd1,0x85,0x20,0xd0,0xb3,0xd0,0xbe,0xd1,0x80,0xd0,0xbc,0xd0,
  0xbe,0xd0,0xbd,0xd0,0xbe,0xd0,0xb2,0x20,0x28,0xd0,0xb0,0xd0,0xb4,0xd1,0x80,0xd0,
  0xb5,0xd0,0xbd,0xd0,0xb0,0xd0,0xbb,0xd0,0xb8,0xd0,0xbd,0xd0,0xb0,0x2c,0x20,0xd0,
  0xba,0xd0,0xbe,0xd1,0x80,0xd1,0x82,0xd0,0xb8,0xd0,0xb7,0xd0,0xbe,0xd0,0xbb,0xd0,
  0xb0,0x29,0x2c,0x20,0xd0,0xba,0xd0,0xbe,0xd1,0x82,0xd0,0xbe,0xd1,0x80,0xd1,0x8b,
  0xd0,0xb5,0x20,0xd0,0xbf,0xd0,0xbe,0xd0,0xb2,0xd1,0x8b,0xd1,0x88,0xd0,0xb0,0xd1,
  0x8e,0xd1,0x82,0x20,0xd0,0xb3,0xd0,0xbb,0xd1,0x8e,0xd0,0xba,0xd0,0xbe,0xd0,0xb7,
  0xd1,0x83,0x20,0xd0,0xb2,0x20,0xd0,0xba,0xd1,0x80,0xd0,0xbe,0xd0,0xb2,0xd0,0xb8,
  0x20,0xd0,0xb2,0x20,0xd0,0xbe,0xd1,0x81,0xd0,0xbd,0xd0,0xbe,0xd0,0xb2,0xd0,0xbd,
  0xd0,0xbe,0xd0,0xbc,0x20,0xd0,0xb7,0xd0,0xb0,0x20,0xd1,0x81,0xd1,0x87,0xd0,0xb5,
  0xd1,0x82,0x20,0xd0,0xb2,0xd1,0x8b,0xd0,0xb4,0xd0,0xb5,0xd0,0xbb,0xd0,0xb5,0xd0,
  0xbd,0xd0,0xb8,0xd1,0x8f,0x20,0xd0,0xb3,0xd0,0xbb,0xd1,0x8e,0xd0,0xba,0xd0,0xbe,
  0xd0,0xb7,0xd1,0x8b,0x20,0xd0,0xb8,0xd0,0xb7,0x20,0xd0,0xb7,0xd0,0xb0,0xd0,0xbf,
  0xd0,0xb0,0xd1,0x81,0xd0,0xbe,0xd0,0xb2,0x20,0xd0,0xbf,0xd0,0xb5,0xd1,0x87,0xd0,
  0xb5,0xd0,0xbd,0xd0,0xb8,0x20,0x28,0xd1,0x80,0xd0,0xb0,0xd1,0x81,0xd0,0xbf,0xd0,
  0xb0,0xd0,0xb4,0x20,0xd0,0xb3,0xd0,0xbb,0xd0,0xb8,0xd0,0xba,0xd0,0xbe,0xd0,0xb3,
  0xd0,0xb5,0xd0,0xbd,0xd0,0xb0,0x29,0x2e,0x20,0xd0,0x9e,0xd0,0xbd,0xd0,0xb8,0x20,
  0xd0,0xb2,0xd0,0xba,0xd0,0xbb,0xd1,0x8e,0xd1,0x87,0xd0,0xb0,0xd1,0x8e,0xd1,0x82,
  0x20,0xd1,0x87,0xd1,0x83,0xd0,0xb2,0xd1,0x81,0xd1,0x82,0xd0,0xb2,0xd0,0xbe,0x20,
  0xd0,0xb3,0xd0,0xbe,0xd0,0xbb,0xd0,0xbe,0xd0,0xb4,0xd0,0xb0,0x2c,0x20,0xd0,0xb4,
  0xd1,0x80,0xd0,0xbe,0xd0,0xb6,0xd1,0x8c,0x20,0xd0,0xb2,0x20,0xd1,0x82,0xd0,0xb5,
  0xd0,0xbb,0xd0,0xb5,0x2c,0x20,0xd1,0x85,0xd0,0xbe,0xd0,0xbb,0xd0,0xbe,0xd0,0xb4,
  0xd0,0xbd,0xd1,0x8b,0xd0,0xb9,0x20,0xd0,0xbf,0xd0,0xbe,0xd1,0x82,0x2c,0x20,0xd1,
  0x81,0xd0,0xb5,0xd1,0x80,0xd0,0xb4,0xd1,0x86,0xd0,0xb5,0xd0,0xb1,0xd0,0xb8,0xd0,
  0xb5,0xd0,0xbd,0xd0,0xb8,0xd0,0xb5,0x2c,0x20,0xd1,0x80,0xd0,0xb0,0xd0,0xb7,0xd0,
  0xb4,0xd1,0x80,0xd0,0xb0,0xd0,0xb6,0xd0,0xb8,0xd1,0x82,0xd0,0xb5,0xd0,0xbb,0xd1,
  0x8c,0xd0,0xbd,0xd0,0xbe,0xd1,0x81,0xd1,0x82,0xd1,0x8c,0x2c,0x20,0xd0,0xbe,0xd0,
  0xbd,0xd0,0xb5,0xd0,0xbc,0xd0,0xb5,0xd0,0xbd,0xd0,0xb8,0xd0,0xb5,0x20,0xd0,0xb3,
  0xd1,0x83,0xd0,0xb1,0x2c,0x20,0xd0,0xbf,0xd0,0xb0,0xd0,0xbb,0xd1,0x8c,0xd1,0x86,
  0xd0,0xb5,0xd0,0xb2,0x3b,0x3c,0x2f,0x6c,0x69,0x3e,0xa,0x3c,0x6c,0x69,0x3e,0xd1,
  0x81,0xd0,0xb2,0xd1,0x8f,0xd0,0xb7,0xd0,0xb0,0xd0,0xbd,0xd0,0xbd,0xd1,0x8b,0xd0,
  0xb5,0x20,0xd1,0x81,0x20,0xd0,0xbf,0xd1,0x80,0xd0,0xb8,0xd0,0xb7,0xd0,0xbd,0xd0,
  0xb0,0xd0,0xba,0xd0,0xb0,0xd0,0xbc,0xd0,0xb8,0x20,0x22,0xd0,0xb3,0xd0,0xbe,0xd0,
  0xbb,0xd0,0xbe,0xd0,0xb4,0xd0,0xb0,0xd0,0xbd,0xd0,0xb8,0xd1,0x8f,0x22,0x20,0xd0,
  0xb3,0xd0,0xbe,0xd0,0xbb,0xd0,0xbe,0xd0,0xb2,0xd0,0xbd,0xd0,0xbe,0xd0,0xb3,0xd0,
  0xbe,0x20,0xd0,0xbc,0xd0,0xbe,0xd0,0xb7,0xd0,0xb3,0xd0,0xb0,0x3a,0x20,0xd1,0x81,
  0xd0,0xbb,0xd0,0xb0,0xd0,0xb1,0xd0,0xbe,0xd1,0x81,0xd1,0x82,0xd1,0x8c,0x2c,0x20,
  0xd0,0xb3,0xd0,0xbe,0xd0,0xbb,0xd0,0xbe,0xd0,0xb2,0xd0,0xbe,0xd0,0xba,0xd1,0x80,
  0xd1,0x83,0xd0,0xb6,0xd0,0xb5,0xd0,0xbd,0xd0,0xb8,0xd0,0xb5,0x2c,0x20,0xd0,0xb3,
  0xd0,0xbe,0xd0,0xbb,0xd0,0xbe,0xd0,0xb2,0xd0,0xbd,0xd0,0xb0,0xd1,0x8f,0x20,0xd0,
  0xb1,0xd0,0xbe,0xd0,0xbb,0xd1,0x8c,0x2c,0x20,0xd0,0xbd,0xd0,0xb0,0xd1,0x80,0xd1,
  0x83,0xd1,0x88,0xd0,0xb5,0xd0,0xbd,0xd0,0xb8,0xd0,0xb5,0x20,0xd0,0xba,0xd0,0xbe,
  0xd0,0xbd,0xd1,0x86,0xd0,0xb5,0xd0,0xbd,0xd1,0x82,0xd1,0x80,0xd0,0xb0,0xd1,0x86,
  0xd0,0xb8,0xd0,0xb8,0x2c,0x20,0xd1,0x81,0xd1,0x82,0xd1,0x80,0xd0,0xb0,0xd0,0xbd,
  0xd0,0xbd,0xd0,0xbe,0xd0,0xb5,0x20,0xd0,0xbf,0xd0,0xbe,0xd0,0xb2,0xd0,0xb5,0xd0,
  0xb4,0xd0,0xb5,0xd0,0xbd,0xd0,0xb8,0xd0,0xb5,0x2c,0x20,0xd1,0x81,0xd0,0xbf,0xd1,
  0x83,0xd1,0x82,0xd0,0xb0,0xd0,0xbd,0xd0,0xbd,0xd0,0xbe,0xd1,0x81,0xd1,0x82,0xd1,
  0x8c,0x20,0xd1,0x81,0xd0,0xbe,0xd0,0xb7,0xd0,0xbd,0xd0,0xb0,0xd0,0xbd,0xd0,0xb8,
  0xd1,0x8f,0x2c,0x20,0xd0,0xbf,0xd1,0x80,0xd0,0xb8,0x20,0xd1,0x82,0xd1,0x8f,0xd0,
  0xb6,0xd0,0xb5,0xd0,0xbb,0xd1,0x8b,0xd1,0x85,0x20,0xd1,0x81,0xd0,0xbe,0xd1,0x81,
  0xd1,0x82,0xd0,0xbe,0xd1,0x8f,0xd0,0xbd,0xd0,0xb8,0xd1,0x8f,0xd1,0x85,0x20,0x2d,
  0x20,0xd0,0xbf,0xd0,0xbe,0xd1,0x82,0xd0,0xb5,0xd1,0x80,0xd1,0x8f,0x20,0xd1,0x81,
  0xd0,0xbe,0xd0,0xb7,0xd0,0xbd,0xd0,0xb0,0xd0,0xbd,0xd0,0xb8,0xd1,0x8f,0x20,0xd0,
  0xb8,0x20,0xd1,0x81,0xd1,0x83,0xd0,0xb4,0xd0,0xbe,0xd1,0x80,0xd0,0xbe,0xd0,0xb3,
  0xd0,0xb8,0x2e,0x20,0x20,0x3c,0x2f,0x6c,0x69,0x3e,0xa,0x3c,0x2f,0x6f,0x6c,0x3e,
  0xa,0x3c,0x70,0x3e,0xd0,0x9d,0xd0,0xb0,0xd0,0xb8,0xd0,0xb1,0xd0,0xbe,0xd0,0xbb,
  0xd0,0xb5,0xd0,0xb5,0x20,0xd1,0x87,0xd0,0xb0,0xd1,0x81,0xd1,0x82,0xd1,0x8b,0xd0,
  0xbc,0xd0,0xb8,0x20,0xd0,0xbf,0xd1,0x80,0xd0,0xb8,0xd1,0x87,0xd0,0xb8,0xd0,0xbd,
  0xd0,0xb0,0xd0,0xbc,0xd0,0xb8,0x20,0xd0,0xb3,0xd0,0xb8,0xd0,0xbf,0xd0,0xbe,0xd0,
  0xb3,0xd0,0xbb,0xd0,0xb8,0xd0,0xba,0xd0,0xb5,0xd0,0xbc,0xd0,0xb8,0xd0,0xb8,0x20,
  0xd0,0xbc,0xd0,0xbe,0xd0,0xb3,0xd1,0x83,0xd1,0x82,0x20,0xd0,0xb1,0xd1,0x8b,0xd1,
  0x82,0xd1,0x8c,0x20,0xd1,0x81,0xd0,0xbb,0xd0,0xb5,0xd0,0xb4,0xd1,0x83,0xd1,0x8e,
  0xd1,0x89,0xd0,0xb8,0xd0,0xb5,0x3a,0x3c,0x2f,0x70,0x3e,0xa,0x3c,0x75,0x6c,0x3e,
  0xa,0x3c,0x6c,0x69,0x3e,0xd0,0xbd,0xd0,0xb5,0xd0,0xb4,0xd0,0xbe,0xd1,0x81,0xd1,
  0x82,0xd0,0xb0,0xd1,0x82,0xd0,0xbe,0xd1,0x87,0xd0,0xbd,0xd0,0xbe,0xd0,0xb5,0x20,
  0xd0,0xba,0xd0,0xbe,0xd0,0xbb,0xd0,0xb8,0xd1,0x87,0xd0,0xb5,0xd1,0x81,0xd1,0x82,
  0xd0,0xb2,0xd0,0xbe,0x20,0x28,0xd0,0xbe,0xd1,0x82,0xd1,0x81,0xd1,0x83,0xd1,0x82,
  0xd1,0x81,0xd1,0x82,0xd0,0xb2,0xd0,0xb8,0xd0,0xb5,0x29,0x20,0xd0,0xbf,0xd1,0x80,
  0xd0,0xb8,0xd0,0xbd,0xd1,0x8f,0xd1,0x82,0xd0,0xbe,0xd0,0xb9,0x20,0xd0,0xbf,0xd0,
  0xb8,0xd1,0x89,0xd0,0xb8,0x3b,0x3c,0x2f,0x6c,0x69,0x3e,0xa,0x3c,0x6c,0x69,0x3e,
  0xd1,0x84,0xd0,0xb8,0xd0,0xb7,0xd0,0xb8,0xd1,0x87,0xd0,0xb5,0xd1,0x81,0xd0,0xba,
  0xd0,0xb8,0xd0,0xb5,0x20,0xd0,0xbd,0xd0,0xb0,0xd0,0xb3,0xd1,0x80,0xd1,0x83,0xd0,
  0xb7,0xd0,0xba,0xd0,0xb8,0x20,0xd0,0xb1,0xd0,0xbe,0xd0,0xbb,0xd1,0x8c,0xd1,0x88,
  0xd0,0xb5,0x20,0xd0,0xbe,0xd0,0xb1,0xd1,0x8b,0xd1,0x87,0xd0,0xbd,0xd0,0xbe,0xd0,
  0xb3,0xd0,0xbe,0x20,0x2d,0x20,0xd0,0xbf,0xd0,0xbe,0xd1,0x81,0xd0,0xbb,0xd0,0xb5,
  0x20,0xd0,0xb8,0xd0,0xbd,0xd1,0x82,0xd0,0xb5,0xd0,0xbd,0xd1,0x81,0xd0,0xb8,0xd0,
  0xb2,0xd0,0xbd,0xd1,0x8b,0xd1,0x85,0x20,0xd1,0x83,0xd0,0xbf,0xd1,0x80,0xd0,0xb0,
  0xd0,0xb6,0xd0,0xbd,0xd0,0xb5,0xd0,0xbd,0xd0,0xb8,0xd0,0xb9,0x20,0xd1,0x80,0xd0,
  0xb8,0xd1,0x81,0xd0,0xba,0x20,0xd0,0xb3,0xd0,0xb8,0xd0,0xbf,0xd0,0xbe,0xd0,0xb3,
  0xd0,0xbb,0xd0,0xb8,0xd0,0xba,0xd0,0xb5,0xd0,0xbc,0xd0,0xb8,0xd0,0xb8,0x20,0xd0,
  0xbf,0xd0,0xbe,0xd0,0xb2,0xd1,0x8b,0xd1,0x88,0xd0,0xb5,0xd0,0xbd,0x20,0xd0,0xb2,
  0x20,0xd1,0x82,0xd0,0xb5,0xd1,0x87,0xd0,0xb5,0xd0,0xbd,0xd0,0xb8,0xd0,0xb5,0x20,
  0xd0,0xb2,0xd1,0x81,0xd0,0xb5,0xd0,0xb3,0xd0,0xbe,0x20,0xd0,0xb4,0xd0,0xbd,0xd1,
  0x8f,0x20,0xd0,0xb8,0x20,0xd0,0xbd,0xd0,0xbe,0xd1,0x87,0xd1,0x8c,0xd1,0x8e,0x3b,
  0x3c,0x2f,0x6c,0x69,0x3e,0xa,0x3c,0x6c,0x69,0x3e,0xd1,0x81,0xd0,0xbb,0xd0,0xb8,
  0xd1,0x88,0xd0,0xba,0xd0,0xbe,0xd0,0xbc,0x20,0xd0,0xb1,0xd0,0xbe,0xd0,0xbb,0xd1,
  0x8c,0xd1,0x88,0xd0,0xb0,0xd1,0x8f,0x20,0xd0,0xb4,0xd0,0xbe,0xd0,0xb7,0xd0,0xb0,
  0x20,0xd0,0xb8,0xd0,0xbd,0xd1,0x81,0xd1,0x83,0xd0,0xbb,0xd0,0xb8,0xd0,0xbd,0xd0,
  0xb0,0x3b,0x3c,0x2f,0x6c,0x69,0x3e,0xa,0x3c,0x6c,0x69,0x3e,0xd0,0xb2,0xd1,0x8b,
  0xd0,0xb1,0xd1,0x80,0xd0,0xb0,0xd0,0xbd,0xd0,0xbe,0x20,0xd0,0xbd,0xd0,0xbe,0xd0,
  0xb2,0xd0,0xbe,0xd0,0xb5,0x20,0xd0,0xbc,0xd0,0xb5,0xd1,0x81,0xd1,0x82,0xd0,0xbe,
  0x20,0xd0,0xb4,0xd0,0xbb,0xd1,0x8f,0x20,0xd0,0xb8,0xd0,0xbd,0xd1,0x8a,0xd0,0xb5,
  0xd0,0xba,0xd1,0x86,0xd0,0xb8,0xd0,0xb9,0x2c,0x20,0xd0,0xbe,0xd1,0x82,0xd0,0xba,
  0xd1,0x83,0xd0,0xb4,0xd0,0xb0,0x20,0xd0,0xb8,0xd0,0xbd,0xd1,0x81,0xd1,0x83,0xd0,
  0xbb,0xd0,0xb8,0xd0,0xbd,0x20,0xd0,0xb2,0xd1,0x81,0xd0,0xbe,0xd1,0x81,0xd0,0xb0,
  0xd0,0xbb,0xd1,0x81,0xd1,0x8f,0x20,0xd0,0xb1,0xd1,0x8b,0xd1,0x81,0xd1,0x82,0xd1,
  0x80,0xd0,0xb5,0xd0,0xb5,0x3b,0x3c,0x2f,0x6c,0x69,0x3e,0xa,0x3c,0x6c,0x69,0x3e,
  0x22,0xd0,0xbc,0xd1,0x83,0xd1,0x82,0xd0,0xbd,0xd1,0x8b,0xd0,0xb9,0x22,0x20,0xd0,
  0xb8,0xd0,0xbd,0xd1,0x81,0xd1,0x83,0xd0,0xbb,0xd0,0xb8,0xd0,0xbd,0x20,0xd0,0xb1,
  0xd1,0x8b,0xd0,0xbb,0x20,0xd0,0xbf,0xd0,0xbb,0xd0,0xbe,0xd1,0x85,0xd0,0xbe,0x20,
  0xd0,0xbf,0xd0,0xb5,0xd1,0x80,0xd0,0xb5,0xd0,0xbc,0xd0,0xb5,0xd1,0x88,0xd0,0xb0,
  0xd0,0xbd,0x3b,0x3c,0x2f,0x6c,0x69,0x3e,0xa,0x3c,0x6c,0x69,0x3e,0xd0,0xb8,0xd0,
  0xb7,0xd0,0xbc,0xd0,0xb5,0xd0,0xbd,0xd0,0xb8,0xd0,0xbb,0xd0,0xb0,0xd1,0x81,0xd1,
  0x8c,0x20,0xd0,0xb3,0xd0,0xbb,0xd1,0x83,0xd0,0xb1,0xd0,0xb8,0xd0,0xbd,0xd0,0xb0,
  0x20,0xd0,0xb8,0xd0,0xbd,0xd1,0x8a,0xd0,0xb5,0xd0,0xba,0xd1,0x86,0xd0,0xb8,0xd0,
  0xb8,0x20,0x28,0xd1,0x83,0xd0,0xba,0xd0,0xbe,0xd0,0xbb,0x20,0xd0,0xb2,0x20,0xd0,
  0xbc,0xd1,0x8b,0xd1,0x88,0xd1,0x86,0xd1,0x83,0x29,0x3b,0x3c,0x2f,0x6c,0x69,0x3e,
  0xa,0x3c,0x6c,0x69,0x3e,0x20,0xd0,0xb3,0xd0,0xb8,0xd0,0xbf,0xd0,0xbe,0xd0,0xb3,
  0xd0,0xbb,0xd0,0xb8,0xd0,0xba,0xd0,0xb5,0xd0,0xbc,0xd0,0xb8,0xd1,0x8f,0x20,0xd0,
  0xb2,0xd0,0xbe,0xd0,0xb7,0xd0,0xbd,0xd0,0xb8,0xd0,0xba,0xd0,0xbb,0xd0,0xb0,0x20,
  0xd1,0x87,0xd0,0xb5,0xd1,0x80,0xd0,0xb5,0xd0,0xb7,0x20,0xd0,0xbd,0xd0,0xb5,0xd0,
  0xb1,0xd0,0xbe,0xd0,0xbb,0xd1,0x8c,0xd1,0x88,0xd0,0xbe,0xd0,0xb9,0x20,0xd0,0xbf,
  0xd1,0x80,0xd0,0xbe,0xd0,0xbc,0xd0,0xb5,0xd0,0xb6,0xd1,0x83,0xd1,0x82,0xd0,0xbe,
  0xd0,0xba,0x20,0xd0,0xb2,0xd1,0x80,0xd0,0xb5,0xd0,0xbc,0xd0,0xb5,0xd0,0xbd,0xd0,
  0xb8,0x20,0xd0,0xbf,0xd0,0xbe,0xd1,0x81,0xd0,0xbb,0xd0,0xb5,0x20,0xd0,0xbf,0xd1,
  0x80,0xd0,0xb5,0xd0,0xb4,0xd1,0x8b,0xd0,0xb4,0xd1,0x83,0xd1,0x89,0xd0,0xb5,0xd0,
  0xb9,0x20,0xd0,0xb3,0xd0,0xb8,0xd0,0xbf,0xd0,0xbe,0xd0,0xb3,0xd0,0xbb,0xd0,0xb8,
  0xd0,0xba,0xd0,0xb5,0xd0,0xbc,0xd0,0xb8,0xd0,0xb8,0x2c,0x20,0xd0,0xba,0xd0,0xbe,
  0xd1,0x82,0xd0,0xbe,0xd1,0x80,0xd0,0xb0,0xd1,0x8f,0x20,0xd0,0xb2,0xd1,0x8b,0xd0,
  0xb7,0xd0,0xb2,0xd0,0xb0,0xd0,0xbb,0xd0,0xb0,0x20,0xd0,0xb8,0xd1,0x81,0xd1,0x82,
  0xd0,0xbe,0xd1,0x89,0xd0,0xb5,0xd0,0xbd,0xd0,0xb8,0xd0,0xb5,0x20,0xd0,0xb7,0xd0,
  0xb0,0xd0,0xbf,0xd0,0xb0,0xd1,0x81,0xd0,0xbe,0xd0,0xb2,0x20,0xd0,0xb3,0xd0,0xbb,
  0xd1,0x8e,0xd0,0xba,0xd0,0xbe,0xd0,0xb7,0xd1,0x8b,0x20,0xd0,0xb2,0x20,0xd0,0xbf,
  0xd0,0xb5,0xd1,0x87,0xd0,0xb5,0xd0,0xbd,0xd0,0xb8,0x20,0xd0,0xb8,0x20,0xd0,0xbd,
  0xd0,0xb8,0xd0,0xb2,0xd0,0xb5,0xd0,0xbb,0xd0,0xb8,0xd1,0x80,0xd0,0xbe,0xd0,0xb2,
  0xd0,0xb0,0xd0,0xbb,0xd0,0xb0,0x20,0xd1,0x81,0xd0,0xb8,0xd0,0xbc,0xd0,0xbf,0xd1,
  0x82,0xd0,0xbe,0xd0,0xbc,0xd1,0x8b,0x2d,0xd0,0xbf,0xd1,0x80,0xd0,0xb5,0xd0,0xb4,
  0xd0,0xb2,0xd0,0xb5,0xd1,0x81,0xd1,0x82,0xd0,0xbd,0xd0,0xb8,0xd0,0xba,0xd0,0xb8,
  0x3b,0x3c,0x2f,0x6c,0x69,0x3e,0xa,0x3c,0x6c,0x69,0x3e,0xd1,0x83,0xd0,0xbf,0xd0,
  0xbe,0xd1,0x82,0xd1,0x80,0xd0,0xb5,0xd0,0xb1,0xd0,0xbb,0xd0,0xb5,0xd0,0xbd,0xd0,
  0xb8,0xd0,0xb5,0x20,0xd0,0xb0,0xd0,0xbb,0xd0,0xba,0xd0,0xbe,0xd0,0xb3,0xd0,0xbe,
  0xd0,0xbb,0xd1,0x8f,0x3b,0x3c,0x2f,0x6c,0x69,0x3e,0xa,0x3c,0x6c,0x69,0x3e,0xd0,
  0xb3,0xd0,0xb0,0xd1,0x81,0xd1,0x82,0xd1,0x80,0xd0,0xbe,0xd1,0x8d,0xd0,0xbd,0xd1,
  0x82,0xd0,0xb5,0xd1,0x80,0xd0,0xb8,0xd1,0x82,0x20,0xd0,0xb8,0x20,0xd0,0xbf,0xd0,
  0xbe,0xd0,0xbd,0xd0,0xbe,0xd1,0x81,0x3b,0x3c,0x2f,0x6c,0x69,0x3e,0xa,0x3c,0x6c,
  0x69,0x3e,0xd0,0xbf,0xd1,0x80,0xd0,0xb8,0xd1,0x91,0xd0,0xbc,0x20,0xd0,0xbd,0xd0,
  0xb5,0xd0,0xba,0xd0,0xbe,0xd1,0x82,0xd0,0xbe,0xd1,0x80,0xd1,0x8b,0xd1,0x85,0x20,
  0xd0,0xbb,0xd0,0xb5,0xd0,0xba,0xd0,0xb0,0xd1,0x80,0xd1,0x81,0xd1,0x82,0xd0,0xb2,
  0x3b,0x3c,0x2f,0x6c,0x69,0x3e,0xa,0x3c,0x2f,0x75,0x6c,0x3e,0xa,0x3c,0x70,0x3e,
  0x3c,0x62,0x3e,0xd0,0x9f,0xd1,0x80,0xd0,0xb0,0xd0,0xb2,0xd0,0xb8,0xd0,0xbb,0xd0,
  0xb0,0x20,0xd0,0xbb,0xd0,0xb5,0xd1,0x87,0xd0,0xb5,0xd0,0xbd,0xd0,0xb8,0xd1,0x8f,
  0x20,0xd0,0xb3,0xd0,0xb8,0xd0,0xbf,0xd0,0xbe,0xd0,0xb3,0xd0,0xbb,0xd0,0xb8,0xd0,
  0xba,0xd0,0xb5,0xd0,0xbc,0xd0,0xb8,0xd0,0xb8,0x3c,0x2f,0x62,0x3e,0x3c,0x2f,0x70,
  0x3e,0xa,0x3c,0x70,0x3e,0x3c,0x62,0x3e,0xd0,0x9f,0xd1,0x80,0xd0,0xb0,0xd0,0xb2,
  0xd0,0xb8,0xd0,0xbb,0xd0,0xbe,0x20,0x31,0x2e,0x3c,0x2f,0x62,0x3e,0x3c,0x2f,0x70,
  0x3e,0xa,0x3c,0x70,0x3e,0xd0,0x9f,0xd1,0x80,0xd0,0xb8,0x20,0xd0,0xbf,0xd1,0x80,
  0xd0,0xb8,0xd0,0xb7,0xd0,0xbd,0xd0,0xb0,0xd0,0xba,0xd0,0xb0,0xd1,0x85,0x20,0xd0,
  0xb3,0xd0,0xb8,0xd0,0xbf,0xd0,0xbe,0xd0,0xb3,0xd0,0xbb,0xd0,0xb8,0xd0,0xba,0xd0,
  0xb5,0xd0,0xbc,0xd0,0xb8,0xd0,0xb8,0x20,0xd1,0x81,0xd0,0xbb,0xd0,0xb5,0xd0,0xb4,
  0xd1,0x83,0xd0,0xb5,0xd1,0x82,0x20,0xd0,0xbf,0xd1,0x80,0xd0,0xbe,0xd0,0xb2,0xd0,
  0xb5,0xd1,0x80,0xd0,0xb8,0xd1,0x82,0xd1,0x8c,0x20,0xd1,0x83,0xd1,0x80,0xd0,0xbe,
  0xd0,0xb2,0xd0,0xb5,0xd0,0xbd,0xd1,0x8c,0x20,0xd0,0xb3,0xd0,0xbb,0xd1,0x8e,0xd0,
  0xba,0xd0,0xbe,0xd0,0xb7,0xd1,0x8b,0x20,0xd0,0xb2,0x20,0xd0,0xba,0xd1,0x80,0xd0,
  0xbe,0xd0,0xb2,0xd0,0xb8,0x2c,0x20,0xd0,0xbe,0xd1,0x81,0xd0,0xbe,0xd0,0xb1,0xd0,
  0xb5,0xd0,0xbd,0xd0,0xbd,0xd0,0xbe,0x20,0xd0,0xbf,0xd1,0x80,0xd0,0xb8,0x20,0xd0,
  0xb4,0xd0,0xb5,0xd0,0xba,0xd0,0xbe,0xd0,0xbc,0xd0,0xbf,0xd0,0xb5,0xd0,0xbd,0xd1,
  0x81,0xd0,0xb0,0xd1,0x86,0xd0,0xb8,0xd0,0xb8,0x20,0xd0,0xb4,0xd0,0xb8,0xd0,0xb0,
  0xd0,0xb1,0xd0,0xb5,0xd1,0x82,0xd0,0xb0,0x2c,0x20,0xd0,0xb2,0x20,0xd0,0xbf,0xd0,
  0xb5,0xd1,0x80,0xd0,0xb8,0xd0,0xbe,0xd0,0xb4,0x20,0x22,0xd0,0xbd,0xd0,0xb5,0xd1,
  0x81,0xd1,0x82,0xd0,0xb0,0xd0,0xb1,0xd0,0xb8,0xd0,0xbb,0xd1,0x8c,0xd0,0xbd,0xd1,
  0x8b,0xd1,0x85,0x22,0x20,0xd1,0x81,0xd0,0xb0,0xd1,0x85,0xd0,0xb0,0xd1,0x80,0xd0,
  0xbe,0xd0,0xb2,0x2e,0x20,0xd0,0x9e,0xd1,0x89,0xd1,0x83,0xd1,0x89,0xd0,0xb5,0xd0,
  0xbd,0xd0,0xb8,0xd1,0x8f,0x20,0xd0,0xb3,0xd0,0xb8,0xd0,0xbf,0xd0,0xbe,0xd0,0xb3,
  0xd0,0xbb,0xd0,0xb8,0xd0,0xba,0xd0,0xb5,0xd0,0xbc,0xd0,0xb8,0xd0,0xb8,0x20,0xd0,
  0xbd,0xd0,0xb5,0x20,0xd0,0xb2,0xd1,0x81,0xd0,0xb5,0xd0,0xb3,0xd0,0xb4,0xd0,0xb0,
  0x20,0xd0,0xb1,0xd1,0x8b,0xd0,0xb2,0xd0,0xb0,0xd1,0x8e,0xd1,0x82,0x20,0xd0,0xbf,
  0xd1,0x80,0xd0,0xb8,0x20,0xd0,0xb8,0xd1,0x81,0xd1,0x82,0xd0,0xb8,0xd0,0xbd,0xd0,
  0xbd,0xd0,0xbe,0x20,0xd0,0xbd,0xd0,0xb8,0xd0,0xb7,0xd0,0xba,0xd0,0xb8,0xd1,0x85,
  0x20,0xd0,0xb7,0xd0,0xbd,0xd0,0xb0,0xd1,0x87,0xd0,0xb5,0xd0,0xbd,0xd0,0xb8,0xd1,
  0x8f,0xd1,0x85,0x2e,0x20,0xd0,0x9e,0xd0,0xbd,0xd0,0xb8,0x20,0xd0,0xbc,0xd0,0xbe,
  0xd0,0xb3,0xd1,0x83,0xd1,0x82,0x20,0xd0,0xb2,0xd0,0xbe,0xd0,0xb7,0xd0,0xbd,0xd0,
  0xb8,0xd0,0xba,0xd0,0xb0,0xd1,0x82,0xd1,0x8c,0x20,0xd0,0xb4,0xd0,0xb0,0xd0,0xb6,
  0xd0,0xb5,0x20,0xd0,0xbf,0xd1,0x80,0xd0,0xb8,0x20,0xd1,0x83,0xd1,0x80,0xd0,0xbe,
  0xd0,0xb2,0xd0,0xbd,0xd0,0xb5,0x20,0xd0,0xb3,0xd0,0xbb,0xd1,0x8e,0xd0,0xba,0xd0,
  0xbe,0xd0,0xb7,0xd1,0x8b,0x20,0xd0,0xb2,0x20,0xd0,0xba,0xd1,0x80,0xd0,0xbe,0xd0,
  0xb2,0xd0,0xb8,0x20,0x37,0x20,0xd0,0xbc,0xd0,0xbc,0xd0,0xbe,0xd0,0xbb,0xd1,0x8c,
  0x2f,0xd0,0xbb,0x2c,0x20,0xd0,0xb5,0xd1,0x81,0xd0,0xbb,0xd0,0xb8,0x20,0xd0,0xb5,
  0xd0,0xb3,0xd0,0xbe,0x20,0xd1,0x81,0xd0,0xbd,0xd0,0xb8,0xd0,0xb6,0xd0,0xb5,0xd0,
  0xbd,0xd0,0xb8,0xd0,0xb5,0x20,0xd0,0xbf,0xd1,0x80,0xd0,0xbe,0xd0,0xb8,0xd0,0xb7,
  0xd0,0xbe,0xd1,0x88,0xd0,0xbb,0xd0,0xbe,0x20,0xd0,0xb7,0xd0,0xb0,0x20,0xd0,0xba,
  0xd0,0xbe,0xd1,0x80,0xd0,0xbe,0xd1,0x82,0xd0,0xba,0xd0,0xbe,0xd0,0xb5,0x20,0xd0,
  0xb2,0xd1,0x80,0xd0,0xb5,0xd0,0xbc,0xd1,0x8f,0x20,0xd1,0x81,0x20,0xd0,0xb2,0xd1,
  0x8b,0xd1,0x81,0xd0,0xbe,0xd0,0xba,0xd0,0xb8,0xd1,0x85,0x20,0xd1,0x86,0xd0,0xb8,
  0xd1,0x84,0xd1,0x80,0x2c,0x20,0xd0,0xbd,0xd0,0xb0,0xd0,0xbf,0xd1,0x80,0xd0,0xb8,
  0xd0,0xbc,0xd0,0xb5,0xd1,0x80,0x20,0x31,0x38,0x20,0xd0,0xbc,0xd0,0xbc,0xd0,0xbe,
  0xd0,0xbb,0xd1,0x8c,0x2f,0xd0,0xbb,0x2e,0x20,0xd0,0xa2,0xd0,0xbe,0xd0,0xbb,0xd1,
  0x8c,0xd0,0xba,0xd0,0xbe,0x20,0xd0,0xbf,0xd1,0x80,0xd0,0xb8,0x20,0xd0,0xb2,0xd1,
  0x8b,0xd1,0x80,0xd0,0xb0,0xd0,0xb6,0xd0,0xb5,0xd0,0xbd,0xd0,0xbd,0xd1,0x8b,0xd1,
  0x85,0x20,0xd1,0x81,0xd0,0xb8,0xd0,0xbc,0xd0,0xbf,0xd1,0x82,0xd0,0xbe,0xd0,0xbc,
  0xd0,0xb0,0xd1,0x85,0x20,0xd0,0xb3,0xd0,0xb8,0xd0,0xbf,0xd0,0xbe,0xd0,0xb3,0xd0,
  0xbb,0xd0,0xb8,0xd0,0xba,0xd0,0xb5,0xd0,0xbc,0xd0,0xb8,0xd0,0xb8,0x20,0xd0,0xbd,
  0xd0,0xb0,0xd1,0x87,0xd0,0xb8,0xd0,0xbd,0xd0,0xb0,0xd0,0xb9,0xd1,0x82,0xd0,0xb5,
  0x20,0xd0,0xb5,0xd1,0x81,0xd1,0x82,0xd1,0x8c,0x20,0xd1,0x81,0xd1,0x80,0xd0,0xb0,
  0xd0,0xb7,0xd1,0x83,0x20,0xd0,0xb1,0xd0,0xb5,0xd0,0xb7,0x20,0xd0,0xb0,0xd0,0xbd,
  0xd0,0xb0,0xd0,0xbb,0xd0,0xb8,0xd0,0xb7,0xd0,0xb0,0x20,0xd0,0xb8,0xd0,0xb7,0x2d,
  0xd0,0xb7,0xd0,0xb0,0x20,0xd1,0x80,0xd0,0xb8,0xd1,0x81,0xd0,0xba,0xd0,0xb0,0x20,
  0xd1,0x80,0xd0,0xb0,0xd0,0xb7,0xd0,0xb2,0xd0,0xb8,0xd1,0x82,0xd0,0xb8,0xd1,0x8f,
  0x20,0xd1,0x82,0xd1,0x8f,0xd0,0xb6,0xd0,0xb5,0xd0,0xbb,0xd0,0xbe,0xd0,0xb9,0x20,
  0xd0,0xb3,0xd0,0xb8,0xd0,0xbf,0xd0,0xbe,0xd0,0xb3,0xd0,0xbb,0xd0,0xb8,0xd0,0xba,
  0xd0,0xb5,0xd0,0xbc,0xd0,0xb8,0xd0,0xb8,0x2e,0x3c,0x2f,0x70,0x3e,0xa,0x3c,0x70,
  0x3e,0x3c,0x62,0x3e,0xd0,0x9f,0xd1,0x80,0xd0,0xb0,0xd0,0xb2,0xd0,0xb8,0xd0,0xbb,
  0xd0,0xbe,0x20,0x32,0x2e,0x3c,0x2f,0x62,0x3e,0x3c,0x2f,0x70,0x3e,0xa,0x3c,0x70,
  0x3e,0xd0,0x9f,0xd1,0x80,0xd0,0xb8,0x20,0xd1,0x83,0xd1,0x80,0xd0,0xbe,0xd0,0xb2,
  0xd0,0xbd,0xd0,0xb5,0x20,0xd0,0xb3,0xd0,0xbb,0xd1,0x8e,0xd0,0xba,0xd0,0xbe,0xd0,
  0xb7,0xd1,0x8b,0x20,0xd0,0xb2,0x20,0xd0,0xba,0xd1,0x80,0xd0,0xbe,0xd0,0xb2,0xd0,
  0xb8,0x20,0xd0,0xbc,0xd0,0xb5,0xd0,0xbd,0xd0,0xb5,0xd0,0xb5,0x20,0x33,0x2c,0x33,
  0x20,0xd0,0xbc,0xd0,0xbc,0xd0,0xbe,0xd0,0xbb,0xd1,0x8c,0x2f,0xd0,0xbb,0x20,0xd0,
  0xbd,0xd0,0xb0,0xd0,0xb4,0xd0,0xbe,0x20,0xd1,0x81,0xd1,0x8a,0xd0,0xb5,0xd1,0x81,
  0xd1,0x82,0xd1,0x8c,0x20,0x22,0xd0,0xb1,0xd1,0x8b,0xd1,0x81,0xd1,0x82,0xd1,0x80,
  0xd1,0x8b,0xd0,0xb5,0x22,0x20,0xd1,0x83,0xd0,0xb3,0xd0,0xbb,0xd0,0xb5,0xd0,0xb2,
  0xd0,0xbe,0xd0,0xb4,0xd1,0x8b,0x20,0x2d,0x20,0xd0,0xbd,0xd0,0xb0,0x20,0x31,0x20,
  0xd0,0xa5,0xd0,0x95,0x20,0x28,0x31,0x30,0x2d,0x31,0x32,0x20,0xd0,0xb3,0x29,0x2c,
  0x20,0xd0,0xb6,0xd0,0xb5,0xd0,0xbb,0xd0,0xb0,0xd1,0x82,0xd0,0xb5,0xd0,0xbb,0xd1,
  0x8c,0xd0,0xbd,0xd0,0xbe,0x20,0xd0,0xb2,0x20,0xd0,0xb2,0xd0,0xb8,0xd0,0xb4,0xd0,
  0xb5,0x20,0xd1,0x82,0xd0,0xb0,0xd0,0xb1,0xd0,0xbb,0xd0,0xb5,0xd1,0x82,0xd0,0xbe,
  0xd0,0xba,0x20,0xd0,0xb3,0xd0,0xbb,0xd1,0x8e,0xd0,0xba,0xd0,0xbe,0xd0,0xb7,0xd1,
  0x8b,0x2c,0x20,0xd0,0xb8,0x20,0xd0,0xbf,0xd0,0xbe,0xd0,0xb4,0xd0,0xbe,0xd0,0xb6,
  0xd0,0xb4,0xd0,0xb0,0xd1,0x82,0xd1,0x8c,0x20,0x31,0x30,0x2d,0x31,0x35,0x20,0xd0,
  0xbc,0xd0,0xb8,0xd0,0xbd,0xd1,0x83,0xd1,0x82,0x20,0x28,0xd1,0x87,0xd1,0x82,0xd0,
  0xbe,0xd0,0xb1,0xd1,0x8b,0x20,0xd0,0xb3,0xd0,0xbb,0xd1,0x8e,0xd0,0xba,0xd0,0xbe,
  0xd0,0xb7,0xd0,0xb0,0x20,0xd0,0xb2,0xd1,0x81,0xd0,0xbe,0xd1,0x81,0xd0,0xb0,0xd0,
  0xbb,0xd0,0xb0,0xd1,0x81,0xd1,0x8c,0x29,0x2e,0x20,0xd0,0x95,0xd1,0x81,0xd0,0xbb,
  0xd0,0xb8,0x20,0xd0,0xbb,0xd1,0x83,0xd1,0x87,0xd1,0x88,0xd0,0xb5,0x20,0xd0,0xbd,
  0xd0,0xb5,0x20,0xd1,0x81,0xd1,0x82,0xd0,0xb0,0xd0,0xbb,0xd0,0xbe,0x20,0x2d,0x20,
  0xd0,0xbf,0xd1,0x80,0xd0,0xb8,0xd0,0xbc,0xd0,0xb8,0xd1,0x82,0xd0,0xb5,0x20,0xd1,
  0x82,0xd1,0x83,0x20,0xd0,0xb6,0xd0,0xb5,0x20,0xd0,0xb4,0xd0,0xbe,0xd0,0xb7,0xd1,
  0x83,0x2e,0x20,0xd0,0x95,0xd1,0x81,0xd0,0xbb,0xd0,0xb8,0x20,0xd0,0xb3,0xd0,0xbb,
  0xd1,0x8e,0xd0,0xba,0xd0,0xbe,0xd0,0xb7,0xd0,0xb0,0x20,0x33,0x2c,0x33,0x20,0x2d,
  0x20,0x34,0x20,0xd0,0xbc,0xd0,0xbc,0xd0,0xbe,0xd0,0xbb,0xd1,0x8c,0x2f,0xd0,0xbb,
  0x20,0xd0,0xb8,0x20,0xd1,0x81,0xd0,0xb8,0xd0,0xbc,0xd0,0xbf,0xd1,0x82,0xd0,0xbe,
  0xd0,0xbc,0xd1,0x8b,0x20,0xd1,0x81,0xd0,0xbb,0xd0,0xb0,0xd0,0xb1,0xd1,0x8b,0xd0,
  0xb5,0x2c,0x20,0xd0,0xbc,0xd0,0xbe,0xd0,0xb6,0xd0,0xbd,0xd0,0xbe,0x20,0xd0,0xb2,
  0xd1,0x8b,0xd0,0xbf,0xd0,0xb8,0xd1,0x82,0xd1,0x8c,0x20,0xd0,0xbf,0xd0,0xbe,0xd0,
  0xbb,0xd1,0x81,0xd1,0x82,0xd0,0xb0,0xd0,0xba,0xd0,0xb0,0xd0,0xbd,0xd0,0xb0,0x20,
  0xd1,0x81,0xd0,0xbe,0xd0,0xba,0xd0,0xb0,0x20,0xd0,0xb8,0xd0,0xbb,0xd0,0xb8,0x20,
  0xd1,0x81,0xd1,0x8a,0xd0,0xb5,0xd1,0x81,0xd1,0x82,0xd1,0x8c,0x20,0xd1,0x84,0xd1,
  0x80,0xd1,0x83,0xd0,0xba,0xd1,0x82,0x2e,0x20,0xd0,0x9a,0xd0,0xbe,0xd0,0xb3,0xd0,
  0xb4,0xd0,0xb0,0x20,0xd0,0xb3,0xd0,0xbb,0xd1,0x8e,0xd0,0xba,0xd0,0xbe,0xd0,0xb7,
  0xd0,0xb0,0x20,0xd0,0xb2,0xd1,0x81,0xd0,0xbe,0xd1,0x81,0xd1,0x91,0xd1,0x82,0xd1,
  0x81,0xd1,0x8f,0x2c,0x20,0xd0,0xb8,0x20,0xd1,0x81,0xd0,0xb8,0xd0,0xbc,0xd0,0xbf,
  0xd1,0x82,0xd0,0xbe,0xd0,0xbc,0xd1,0x8b,0x20,0xd0,0xb3,0xd0,0xb8,0xd0,0xbf,0xd0,
  0xbe,0xd0,0xb3,0xd0,0xbb,0xd0,0xb8,0xd0,0xba,0xd0,0xb5,0xd0,0xbc,0xd0,0xb8,0xd0,
  0xb8,0x20,0xd1,0x81,0xd1,0x82,0xd0,0xb0,0xd0,0xbd,0xd1,0x83,0xd1,0x82,0x20,0xd0,
  0xbc,0xd0,0xb5,0xd0,0xbd,0xd1,0x8c,0xd1,0x88,0xd0,0xb5,0x2c,0x20,0xd0,0xbd,0xd0,
  0xb0,0xd0,0xb4,0xd0,0xbe,0x20,0xd1,0x81,0xd1,0x8a,0xd0,0xb5,0xd1,0x81,0xd1,0x82,
  0xd1,0x8c,0x20,0x31,0x20,0xd0,0xa5,0xd0,0x95,0x20,0x22,0xd0,0xb4,0xd0,0xbb,0xd0,
  0xb8,0xd0,0xbd,0xd0,0xbd,0xd1,0x8b,0xd1,0x85,0x22,0x20,0xd1,0x83,0xd0,0xb3,0xd0,
  0xbb,0xd0,0xb5,0xd0,0xb2,0xd0,0xbe,0xd0,0xb4,0xd0,0xbe,0xd0,0xb2,0x20,0x28,0xd1,
  0x85,0xd0,0xbb,0xd0,0xb5,0xd0,0xb1,0x2c,0x20,0xd0,0xbf,0xd0,0xb5,0xd1,0x87,0xd0,
  0xb5,0xd0,0xbd,0xd1,0x8c,0xd0,0xb5,0x29,0x2e,0x3c,0x2f,0x70,0x3e,0xa,0xa,0x3c,
  0x2f,0x62,0x6f,0x64,0x79,0x3e,0xa,0x3c,0x2f,0x68,0x74,0x6d,0x6c,0x3e,0xa,
  
};

static const unsigned char qt_resource_name[] = {
  // new
  0x0,0x3,
  0x0,0x0,0x74,0xc7,
  0x0,0x6e,
  0x0,0x65,0x0,0x77,
    // prefix2
  0x0,0x7,
  0x7,0x8b,0xd0,0x52,
  0x0,0x70,
  0x0,0x72,0x0,0x65,0x0,0x66,0x0,0x69,0x0,0x78,0x0,0x32,
    // TextHist.html
  0x0,0xd,
  0xf,0xeb,0xe4,0x5c,
  0x0,0x54,
  0x0,0x65,0x0,0x78,0x0,0x74,0x0,0x48,0x0,0x69,0x0,0x73,0x0,0x74,0x0,0x2e,0x0,0x68,0x0,0x74,0x0,0x6d,0x0,0x6c,
    // TextXE.html
  0x0,0xb,
  0xc,0xf1,0x64,0x1c,
  0x0,0x54,
  0x0,0x65,0x0,0x78,0x0,0x74,0x0,0x58,0x0,0x45,0x0,0x2e,0x0,0x68,0x0,0x74,0x0,0x6d,0x0,0x6c,
    // TextGiper.html
  0x0,0xe,
  0x5,0xa5,0x2d,0x5c,
  0x0,0x54,
  0x0,0x65,0x0,0x78,0x0,0x74,0x0,0x47,0x0,0x69,0x0,0x70,0x0,0x65,0x0,0x72,0x0,0x2e,0x0,0x68,0x0,0x74,0x0,0x6d,0x0,0x6c,
    // TextSport.html
  0x0,0xe,
  0x0,0x87,0xa3,0x5c,
  0x0,0x54,
  0x0,0x65,0x0,0x78,0x0,0x74,0x0,0x53,0x0,0x70,0x0,0x6f,0x0,0x72,0x0,0x74,0x0,0x2e,0x0,0x68,0x0,0x74,0x0,0x6d,0x0,0x6c,
    // TextGlaza.html
  0x0,0xe,
  0x9,0xf5,0x28,0xbc,
  0x0,0x54,
  0x0,0x65,0x0,0x78,0x0,0x74,0x0,0x47,0x0,0x6c,0x0,0x61,0x0,0x7a,0x0,0x61,0x0,0x2e,0x0,0x68,0x0,0x74,0x0,0x6d,0x0,0x6c,
    // TextGipo.html
  0x0,0xd,
  0x2,0xbb,0xe6,0x5c,
  0x0,0x54,
  0x0,0x65,0x0,0x78,0x0,0x74,0x0,0x47,0x0,0x69,0x0,0x70,0x0,0x6f,0x0,0x2e,0x0,0x68,0x0,0x74,0x0,0x6d,0x0,0x6c,
  
};

static const unsigned char qt_resource_struct[] = {
  // :
  0x0,0x0,0x0,0x0,0x0,0x2,0x0,0x0,0x0,0x1,0x0,0x0,0x0,0x1,
0x0,0x0,0x0,0x0,0x0,0x0,0x0,0x0,
  // :/new
  0x0,0x0,0x0,0x0,0x0,0x2,0x0,0x0,0x0,0x1,0x0,0x0,0x0,0x2,
0x0,0x0,0x0,0x0,0x0,0x0,0x0,0x0,
  // :/new/prefix2
  0x0,0x0,0x0,0xc,0x0,0x2,0x0,0x0,0x0,0x6,0x0,0x0,0x0,0x3,
0x0,0x0,0x0,0x0,0x0,0x0,0x0,0x0,
  // :/new/prefix2/TextSport.html
  0x0,0x0,0x0,0x7e,0x0,0x0,0x0,0x0,0x0,0x1,0x0,0x0,0x27,0x81,
0x0,0x0,0x1,0x96,0x72,0xcd,0x7e,0x2e,
  // :/new/prefix2/TextGipo.html
  0x0,0x0,0x0,0xc2,0x0,0x0,0x0,0x0,0x0,0x1,0x0,0x0,0x48,0x8f,
0x0,0x0,0x1,0x96,0x72,0xe2,0xbd,0xf7,
  // :/new/prefix2/TextGiper.html
  0x0,0x0,0x0,0x5c,0x0,0x0,0x0,0x0,0x0,0x1,0x0,0x0,0x1b,0x49,
0x0,0x0,0x1,0x96,0x72,0xd7,0xd2,0x5b,
  // :/new/prefix2/TextGlaza.html
  0x0,0x0,0x0,0xa0,0x0,0x0,0x0,0x0,0x0,0x1,0x0,0x0,0x34,0x4,
0x0,0x0,0x1,0x96,0x72,0xe6,0x57,0x9,
  // :/new/prefix2/TextXE.html
  0x0,0x0,0x0,0x40,0x0,0x0,0x0,0x0,0x0,0x1,0x0,0x0,0x10,0xf3,
0x0,0x0,0x1,0x96,0x72,0xec,0x35,0x18,
  // :/new/prefix2/TextHist.html
  0x0,0x0,0x0,0x20,0x0,0x0,0x0,0x0,0x0,0x1,0x0,0x0,0x0,0x0,
0x0,0x0,0x1,0x96,0x72,0xec,0x35,0xe,

};

#ifdef QT_NAMESPACE
#  define QT_RCC_PREPEND_NAMESPACE(name) ::QT_NAMESPACE::name
#  define QT_RCC_MANGLE_NAMESPACE0(x) x
#  define QT_RCC_MANGLE_NAMESPACE1(a, b) a##_##b
#  define QT_RCC_MANGLE_NAMESPACE2(a, b) QT_RCC_MANGLE_NAMESPACE1(a,b)
#  define QT_RCC_MANGLE_NAMESPACE(name) QT_RCC_MANGLE_NAMESPACE2( \
        QT_RCC_MANGLE_NAMESPACE0(name), QT_RCC_MANGLE_NAMESPACE0(QT_NAMESPACE))
#else
#   define QT_RCC_PREPEND_NAMESPACE(name) name
#   define QT_RCC_MANGLE_NAMESPACE(name) name
#endif

#if defined(QT_INLINE_NAMESPACE)
inline namespace QT_NAMESPACE {
#elif defined(QT_NAMESPACE)
namespace QT_NAMESPACE {
#endif

bool qRegisterResourceData(int, const unsigned char *, const unsigned char *, const unsigned char *);
bool qUnregisterResourceData(int, const unsigned char *, const unsigned char *, const unsigned char *);

#ifdef QT_NAMESPACE
}
#endif

int QT_RCC_MANGLE_NAMESPACE(qInitResources_textfiles)();
int QT_RCC_MANGLE_NAMESPACE(qInitResources_textfiles)()
{
    int version = 3;
    QT_RCC_PREPEND_NAMESPACE(qRegisterResourceData)
        (version, qt_resource_struct, qt_resource_name, qt_resource_data);
    return 1;
}

int QT_RCC_MANGLE_NAMESPACE(qCleanupResources_textfiles)();
int QT_RCC_MANGLE_NAMESPACE(qCleanupResources_textfiles)()
{
    int version = 3;
    QT_RCC_PREPEND_NAMESPACE(qUnregisterResourceData)
       (version, qt_resource_struct, qt_resource_name, qt_resource_data);
    return 1;
}

#ifdef __clang__
#   pragma clang diagnostic push
#   pragma clang diagnostic ignored "-Wexit-time-destructors"
#endif

namespace {
   struct initializer {
       initializer() { QT_RCC_MANGLE_NAMESPACE(qInitResources_textfiles)(); }
       ~initializer() { QT_RCC_MANGLE_NAMESPACE(qCleanupResources_textfiles)(); }
   } dummy;
}

#ifdef __clang__
#   pragma clang diagnostic pop
#endif
